{
    "answers": {
        "phase": "architecture",
        "action": "architectural decision",
        "scope": "uml component",
        "action experience": 3,
        "language": "n/a",
        "other language": "<fill in>",
        "aimodel": "gemini",
        "aimodel version": "4\u03bf",
        "open source aimodel": "<fill in>",
        "tool option": "online free",
        "experience with tool": 5,
        "time allocated (h)": "0.2",
        "time saved estimate (h)": 2,
        "quality of ai help": 3,
        "knowledge acquired": 4,
        "generic feeling - now": 5,
        "generic feeling - future": 5,
        "threat level": 2,
        "notes": "<fill in>"
    }
}