{
    "answers": {
        "phase": "requirements specification", 
        "action": "functional requirements", 
        "scope": "data management", 
        "action experience": 4, 
        "language": "other", 
        "other language": "Greek", 
        "aimodel": "chatgpt", 
        "aimodel version": "4.0", 
        "open source aimodel": "False", 
        "tool option": "online free", 
        "experience with tool": 4, 
        "time allocated (h)": "0.5", 
        "time saved estimate (h)": "1.5", 
        "quality of ai help": 5, 
        "knowledge acquired": 4, 
        "generic feeling - now": 4, 
        "generic feeling - future": 4, 
        "threat level": 0, 
        "notes": "None"
    }
}