{
    "answers": {
        "phase": "design",
        "action": "data design",
        "scope": "uml deployment",
        "action experience": 5,
        "language": "yaml",
        "other language": "node js",
        "aimodel": "gemini",
        "aimodel version": 3,
        "open source aimodel": 3,
        "tool option": "online free",
        "experience with tool": 0,
        "time allocated (h)": 2,
        "time saved estimate (h)": 2,
        "quality of ai help": 1,
        "knowledge acquired": 2,
        "generic feeling - now": 4,
        "generic feeling - future": 5,
        "threat level": 5,
        "notes": "lololojihfjh"
    }
}