{
    "answers": {
        "phase": "architecture",
        "action": "architectural decision",
        "scope": "data management",
        "action experience": 1,
        "language": "sql",
        "other language": "<fill in>",
        "aimodel": "gemini",
        "aimodel version": "4\u03bf",
        "open source aimodel": "<fill in>",
        "tool option": "online full",
        "experience with tool": 4,
        "time allocated (h)": 1,
        "time saved estimate (h)": "2.5",
        "quality of ai help": 5,
        "knowledge acquired": 4,
        "generic feeling - now": 4,
        "generic feeling - future": 5,
        "threat level": 3,
        "notes": "<fill in>"
    }
}