{
    "answers": {
        "phase": "architecture",
        "action": "non-functional requirements",
        "scope": "backend",
        "action experience": 4,
        "language": "js",
        "other language": "<fill in>",
        "aimodel": "chatgpt",
        "aimodel version": "4\u03bf",
        "open source aimodel": "<fill in>",
        "tool option": "online free",
        "experience with tool": 4,
        "time allocated (h)": "0.25",
        "time saved estimate (h)": "1.5",
        "quality of ai help": 3,
        "knowledge acquired": 5,
        "generic feeling - now": 3,
        "generic feeling - future": 4,
        "threat level": 0,
        "notes": "<fill in>"
    }
}