{
    "answers": {
        "phase": "requirements specification",
        "action": "problem understanding",
        "scope": "uml other",
        "action experience": 0,
        "language": "n/a",
        "other language": "<fill in>",
        "aimodel": "chatgpt",
        "aimodel version": 4,
        "open source aimodel": "<fill in>",
        "tool option": "online free",
        "experience with tool": 4,
        "time allocated (h)": "0.5",
        "time saved estimate (h)": 1,
        "quality of ai help": 2,
        "knowledge acquired": 1,
        "generic feeling - now": 0,
        "generic feeling - future": 0,
        "threat level": 0,
        "notes": "<fill in>"
    }
}