{
    "answers": {
        "phase": "requirements gathering", 
        "action": "use case specification",
        "scope": "uml activity", 
        "action experience": 4, 
        "language": "n/a", 
        "other language": "Greek", 
        "aimodel": "chatgpt", 
        "aimodel version": "4.0", 
        "open source aimodel": "False", 
        "tool option": "online free", 
        "experience with tool": 4, 
        "time allocated (h)": "0.5", 
        "time saved estimate (h)": 2, 
        "quality of ai help": 4, 
        "knowledge acquired": 4, 
        "generic feeling - now": 4, 
        "generic feeling - future": 4, 
        "threat level": 0, 
        "notes": "None"
    }
}