{
    "answers": {
        "phase": "coding",
        "action": "source code authoring",
        "scope": "backend",
        "action experience": 3,
        "language": "json",
        "other language": "node js",
        "aimodel": "chatgpt",
        "aimodel version": 3,
        "open source aimodel": 3,
        "tool option": "online free",
        "experience with tool": 0,
        "time allocated (h)": 2,
        "time saved estimate (h)": 2,
        "quality of ai help": 1,
        "knowledge acquired": 0,
        "generic feeling - now": 4,
        "generic feeling - future": 4,
        "threat level": 5,
        "notes": "lololojihfjh"
    }
}