{
    "answers": {
        "phase": "architecture",
        "action": "architectural decision",
        "scope": "uml deployment",
        "action experience": 0,
        "language": "n/a",
        "other language": "<fill in>",
        "aimodel": "chatgpt",
        "aimodel version": 4,
        "open source aimodel": "<fill in>",
        "tool option": "online free",
        "experience with tool": 1,
        "time allocated (h)": 2,
        "time saved estimate (h)": 1,
        "quality of ai help": 3,
        "knowledge acquired": 3,
        "generic feeling - now": 5,
        "generic feeling - future": 5,
        "threat level": 0,
        "notes": "<fill in>"
    }
}