{"answers": {"phase": "architecture", "action": "source code authoring", "scope": "container configuration", "action experience": 2, "language": "sql", "other language": "<fill in>", "aimodel": "chatgpt", "aimodel version": "<fill in>", "open source aimodel": "<fill in>", "tool option": "open source", "experience with tool": 3, "time allocated (h)": "6", "time saved estimate (h)": "9", "quality of ai help": 0, "knowledge acquired": 0, "generic feeling - now": 0, "generic feeling - future": 0, "threat level": 0, "notes": "<fill in>"}}