{
    "answers": {
        "phase": "design",
        "action": "design decision",
        "scope": "backend",
        "action experience": 0,
        "language": "n/a",
        "other language": "<fill in>",
        "aimodel": "chatgpt",
        "aimodel version": 4,
        "open source aimodel": "<fill in>",
        "tool option": "online free",
        "experience with tool": 4,
        "time allocated (h)": "0.1",
        "time saved estimate (h)": 2,
        "quality of ai help": 5,
        "knowledge acquired": 3,
        "generic feeling - now": 0,
        "generic feeling - future": 0,
        "threat level": 0,
        "notes": "<fill in>"
    }
}