{"answers": {"phase": "design", "action": "architectural decision", "scope": "uml state", "action experience": 3, "language": "n/a", "other language": "NoLanguage", "aimodel": "chatgpt", "aimodel version": "chatgpt4", "open source aimodel": "NO", "tool option": "online free", "experience with tool": 5, "time allocated (h)": ".5", "time saved estimate (h)": 5, "quality of ai help": 3, "knowledge acquired": 2, "generic feeling - now": 3, "generic feeling - future": 3, "threat level": 5, "notes": ""}}