{
    "answers": {
        "phase": "architecture",
        "action": "problem understanding",
        "scope": "uml component",
        "action experience": 3,
        "language": "n/a",
        "other language": "<fill in>",
        "aimodel": "chatgpt",
        "aimodel version": "4\u03bf",
        "open source aimodel": "<fill in>",
        "tool option": "online full",
        "experience with tool": 4,
        "time allocated (h)": "0.2",
        "time saved estimate (h)": 1,
        "quality of ai help": 3,
        "knowledge acquired": 5,
        "generic feeling - now": 5,
        "generic feeling - future": 5,
        "threat level": 1,
        "notes": "<fill in>"
    }
}