{
    "answers": {
        "phase": "requirements specification", 
        "action": "use case specification", 
        "scope": "uml activity", 
        "action experience": 4, 
        "language": "other", 
        "other language": "plantUML", 
        "aimodel": "chatgpt", 
        "aimodel version": "4o", 
        "open source aimodel": "False", 
        "tool option": "online free", 
        "experience with tool": 4, 
        "time allocated (h)": "0.25", 
        "time saved estimate (h)": 2, 
        "quality of ai help": 4, 
        "knowledge acquired": 4, 
        "generic feeling - now": 4, 
        "generic feeling - future": 5, 
        "threat level": 0, 
        "notes": "None"
    }
}