{
    "answers": {
        "phase": "coding",
        "action": "source code authoring",
        "scope": "frontend",
        "action experience": 1,
        "language": "js-node",
        "other language": "<fill in>",
        "aimodel": "chatgpt",
        "aimodel version": 4,
        "open source aimodel": "<fill in>",
        "tool option": "online free",
        "experience with tool": 4,
        "time allocated (h)": 1,
        "time saved estimate (h)": 3,
        "quality of ai help": 4,
        "knowledge acquired": 3,
        "generic feeling - now": 5,
        "generic feeling - future": 5,
        "threat level": 0,
        "notes": "<fill in>"
    }
}