{"answers": {"phase": "design", "action": "use case specification", "scope": "data management", "action experience": 3, "language": "js-node", "other language": "g", "aimodel": "open source", "aimodel version": "fuck off", "open source aimodel": "jhjhkjjh", "tool option": "open source", "experience with tool": 0, "time allocated (h)": 2, "time saved estimate (h)": 3, "quality of ai help": 5, "knowledge acquired": 5, "generic feeling - now": 3, "generic feeling - future": 0, "threat level": 2, "notes": "k"}}