{"answers": {"phase": "requirements gathering", "action": "use case specification", "scope": "uml activity", "action experience": 0, "language": "n/a", "other language": "<fill in>", "aimodel": "chatgpt", "aimodel version": "4.O", "open source aimodel": "<fill in>", "tool option": "online free", "experience with tool": 1, "time allocated (h)": "0.1", "time saved estimate (h)": "1", "quality of ai help": 3, "knowledge acquired": 3, "generic feeling - now": 3, "generic feeling - future": 3, "threat level": 0, "notes": "<fill in>"}}