--
-- PostgreSQL database dump
--

-- Dumped from database version 14.15 (Ubuntu 14.15-0ubuntu0.22.04.1)
-- Dumped by pg_dump version 14.15 (Ubuntu 14.15-0ubuntu0.22.04.1)

SET statement_timeout = 0;
SET lock_timeout = 0;
SET idle_in_transaction_session_timeout = 0;
SET client_encoding = 'UTF8';
SET standard_conforming_strings = on;
SELECT pg_catalog.set_config('search_path', '', false);
SET check_function_bodies = false;
SET xmloption = content;
SET client_min_messages = warning;
SET row_security = off;

SET default_tablespace = '';

SET default_table_access_method = heap;

--
-- Name: debts; Type: TABLE; Schema: public; Owner: yassin
--

CREATE TABLE public.debts (
    debtid integer NOT NULL,
    fromoperatorid character varying(10),
    tooperatorid character varying(10),
    amount numeric(10,2) NOT NULL,
    CONSTRAINT valid_amount CHECK ((amount >= (0)::numeric))
);


ALTER TABLE public.debts OWNER TO yassin;

--
-- Name: debts_debtid_seq; Type: SEQUENCE; Schema: public; Owner: yassin
--

CREATE SEQUENCE public.debts_debtid_seq
    AS integer
    START WITH 1
    INCREMENT BY 1
    NO MINVALUE
    NO MAXVALUE
    CACHE 1;


ALTER TABLE public.debts_debtid_seq OWNER TO yassin;

--
-- Name: debts_debtid_seq; Type: SEQUENCE OWNED BY; Schema: public; Owner: yassin
--

ALTER SEQUENCE public.debts_debtid_seq OWNED BY public.debts.debtid;


--
-- Name: operating_user; Type: TABLE; Schema: public; Owner: yassin
--

CREATE TABLE public.operating_user (
    operatorid character varying(10) NOT NULL,
    userid integer NOT NULL
);


ALTER TABLE public.operating_user OWNER TO yassin;

--
-- Name: operators; Type: TABLE; Schema: public; Owner: yassin
--

CREATE TABLE public.operators (
    operatorid character varying(10) NOT NULL,
    name character varying(50) NOT NULL
);


ALTER TABLE public.operators OWNER TO yassin;

--
-- Name: passes; Type: TABLE; Schema: public; Owner: yassin
--

CREATE TABLE public.passes (
    passid integer NOT NULL,
    "timestamp" timestamp without time zone NOT NULL,
    tollid character varying(10),
    tagref character varying(20) NOT NULL,
    taghomeid character varying(10) NOT NULL,
    charge numeric(10,2) NOT NULL,
    CONSTRAINT valid_charge CHECK ((charge >= (0)::numeric))
);


ALTER TABLE public.passes OWNER TO yassin;

--
-- Name: passes_passid_seq; Type: SEQUENCE; Schema: public; Owner: yassin
--

CREATE SEQUENCE public.passes_passid_seq
    AS integer
    START WITH 1
    INCREMENT BY 1
    NO MINVALUE
    NO MAXVALUE
    CACHE 1;


ALTER TABLE public.passes_passid_seq OWNER TO yassin;

--
-- Name: passes_passid_seq; Type: SEQUENCE OWNED BY; Schema: public; Owner: yassin
--

ALTER SEQUENCE public.passes_passid_seq OWNED BY public.passes.passid;


--
-- Name: tollstations; Type: TABLE; Schema: public; Owner: yassin
--

CREATE TABLE public.tollstations (
    tollid character varying(10) NOT NULL,
    operatorid character varying(10),
    name character varying(100) NOT NULL,
    pm character varying(20),
    locality character varying(50),
    road character varying(50),
    lat numeric(9,6),
    long numeric(9,6),
    email character varying(50)
);


ALTER TABLE public.tollstations OWNER TO yassin;

--
-- Name: users; Type: TABLE; Schema: public; Owner: yassin
--

CREATE TABLE public.users (
    userid integer NOT NULL,
    role character varying(20) NOT NULL,
    username character varying(20) NOT NULL,
    password character varying(30) NOT NULL,
    email character varying(20)
);


ALTER TABLE public.users OWNER TO yassin;

--
-- Name: users_userid_seq; Type: SEQUENCE; Schema: public; Owner: yassin
--

CREATE SEQUENCE public.users_userid_seq
    AS integer
    START WITH 1
    INCREMENT BY 1
    NO MINVALUE
    NO MAXVALUE
    CACHE 1;


ALTER TABLE public.users_userid_seq OWNER TO yassin;

--
-- Name: users_userid_seq; Type: SEQUENCE OWNED BY; Schema: public; Owner: yassin
--

ALTER SEQUENCE public.users_userid_seq OWNED BY public.users.userid;


--
-- Name: debts debtid; Type: DEFAULT; Schema: public; Owner: yassin
--

ALTER TABLE ONLY public.debts ALTER COLUMN debtid SET DEFAULT nextval('public.debts_debtid_seq'::regclass);


--
-- Name: passes passid; Type: DEFAULT; Schema: public; Owner: yassin
--

ALTER TABLE ONLY public.passes ALTER COLUMN passid SET DEFAULT nextval('public.passes_passid_seq'::regclass);


--
-- Name: users userid; Type: DEFAULT; Schema: public; Owner: yassin
--

ALTER TABLE ONLY public.users ALTER COLUMN userid SET DEFAULT nextval('public.users_userid_seq'::regclass);


--
-- Data for Name: debts; Type: TABLE DATA; Schema: public; Owner: yassin
--

COPY public.debts (debtid, fromoperatorid, tooperatorid, amount) FROM stdin;
\.


--
-- Data for Name: operating_user; Type: TABLE DATA; Schema: public; Owner: yassin
--

COPY public.operating_user (operatorid, userid) FROM stdin;
\.


--
-- Data for Name: operators; Type: TABLE DATA; Schema: public; Owner: yassin
--

COPY public.operators (operatorid, name) FROM stdin;
AM	aegeanmotorway
EG	egnatia
GE	gefyra
KO	kentrikiodos
MO	moreas
NAO	naodos
NO	neaodos
OO	olympiaodos
\.


--
-- Data for Name: passes; Type: TABLE DATA; Schema: public; Owner: yassin
--

COPY public.passes (passid, "timestamp", tollid, tagref, taghomeid, charge) FROM stdin;
1004	2022-01-01 00:23:00	NAO30	NAO5ZJA8DZ	NAO	2.50
1005	2022-01-01 01:02:00	NO03	NOXFGCAQV	NO	3.25
1006	2022-01-01 01:26:00	NAO38	NAONSM43D8	NAO	2.50
1007	2022-01-01 01:29:00	AM09	NOQLL8OS9	NO	3.10
1008	2022-01-01 01:39:00	AM03	AMNT3W5UZ	AM	2.20
1009	2022-01-01 01:45:00	KO05	KOWM31YIH	KO	1.90
1010	2022-01-01 03:01:00	GE01	NAOBMYOFQE	NAO	14.70
1011	2022-01-01 03:43:00	NAO04	MOV86WZS3	MO	2.50
1012	2022-01-01 03:58:00	KO04	KOWKTAKPU	KO	2.95
1013	2022-01-01 04:16:00	OO02	OOQ0OXFQ8	OO	2.30
1014	2022-01-01 04:45:00	NO09	EG7UR23GD	EG	4.20
1015	2022-01-01 04:55:00	OO03	OOZSJ49IT	OO	2.40
1016	2022-01-01 04:56:00	NAO37	NAOURTP0LZ	NAO	2.50
1017	2022-01-01 05:24:00	NAO29	NAO5UQPGB7	NAO	2.50
1018	2022-01-01 05:35:00	MO11	NO7PTX63C	NO	2.05
1019	2022-01-01 06:08:00	NAO07	NAOP0J43D5	NAO	2.50
1020	2022-01-01 06:36:00	OO03	NAOVZ41NAM	NAO	2.40
1021	2022-01-01 07:12:00	OO08	OOQ0OXFQ8	OO	1.90
1022	2022-01-01 08:12:00	KO03	KOWKTAKPU	KO	2.95
1023	2022-01-01 08:55:00	MO05	MOJCKJLTE	MO	2.60
1024	2022-01-01 09:09:00	OO08	MOJCKJLTE	MO	1.90
1025	2022-01-01 09:11:00	AM06	AMLJH75LX	AM	3.60
1026	2022-01-01 09:27:00	EG17	EGIGQPKI7	EG	2.10
1027	2022-01-01 09:44:00	AM01	NAOP0J43D5	NAO	2.00
1028	2022-01-01 11:01:00	GE01	GEX7EEDTJ	GE	14.70
1029	2022-01-01 11:41:00	EG19	OO7PZE9VI	OO	1.40
1030	2022-01-01 11:47:00	OO06	OO3KKV9RF	OO	3.50
1031	2022-01-01 12:26:00	AM04	AMH9SDBDW	AM	2.20
1032	2022-01-01 12:40:00	KO05	KOWM31YIH	KO	1.90
1033	2022-01-01 12:45:00	NO01	NO7PTX63C	NO	3.85
1034	2022-01-01 13:30:00	NAO32	EG7UR23GD	EG	2.50
1035	2022-01-01 14:18:00	NAO23	NAOHL1N13J	NAO	2.50
1036	2022-01-01 14:59:00	MO02	OOZSJ49IT	OO	1.35
1037	2022-01-01 15:40:00	NAO36	NAO5UQPGB7	NAO	2.50
1038	2022-01-01 16:31:00	NAO03	EG9CHJ755	EG	2.50
1039	2022-01-01 16:51:00	AM05	AMV3A3ZMF	AM	3.60
1040	2022-01-01 16:51:00	OO10	OOQ0OXFQ8	OO	2.50
1041	2022-01-01 17:04:00	NO04	NOX6GVWRD	NO	3.25
1042	2022-01-01 17:06:00	OO02	NAOLY8OZCY	NAO	2.30
1043	2022-01-01 17:38:00	NAO40	EGRHOCN9J	EG	2.50
1044	2022-01-01 17:51:00	NO03	AMXAJI0Y6	AM	3.25
1045	2022-01-01 17:58:00	NAO37	NAOBMYOFQE	NAO	2.50
1046	2022-01-01 18:03:00	EG31	OOQ0OXFQ8	OO	1.40
1047	2022-01-01 18:29:00	KO08	KOJDP0LVS	KO	1.85
1048	2022-01-01 18:51:00	EG37	EGRHOCN9J	EG	1.40
1049	2022-01-01 19:02:00	NAO19	NAOHAFEYUH	NAO	2.50
1050	2022-01-01 19:15:00	OO04	OO7PZE9VI	OO	2.40
1051	2022-01-01 19:42:00	NAO34	MOV86WZS3	MO	2.50
1052	2022-01-01 20:13:00	NO14	OO1B0Z3NX	OO	4.15
1053	2022-01-01 20:34:00	OO07	OO1B0Z3NX	OO	1.90
1054	2022-01-01 21:59:00	EG34	EGVWPVS7H	EG	2.00
1055	2022-01-01 23:27:00	OO09	EGRHOCN9J	EG	2.50
1056	2022-01-01 23:29:00	NO12	NOQLL8OS9	NO	3.35
1057	2022-01-02 00:14:00	NAO35	NAONSM43D8	NAO	2.50
1058	2022-01-02 00:24:00	EG13	EGYTJXEPQ	EG	1.20
1059	2022-01-02 00:30:00	EG19	KONCXLL4Z	KO	1.40
1060	2022-01-02 00:47:00	EG34	NAOBMYOFQE	NAO	2.00
1061	2022-01-02 01:15:00	AM04	AMLJH75LX	AM	2.20
1062	2022-01-02 01:48:00	NAO40	NAOHL1N13J	NAO	2.50
1063	2022-01-02 01:59:00	NAO29	OOZSJ49IT	OO	2.50
1064	2022-01-02 02:21:00	NO06	EGRHOCN9J	EG	3.25
1065	2022-01-02 02:24:00	AM03	AMXAJI0Y6	AM	2.20
1066	2022-01-02 03:07:00	EG18	NAO5ZJA8DZ	NAO	2.10
1067	2022-01-02 03:50:00	EG23	EG7UR23GD	EG	1.40
1068	2022-01-02 04:12:00	NAO22	NAO5ZJA8DZ	NAO	2.50
1069	2022-01-02 04:20:00	NAO23	EG9CHJ755	EG	2.50
1070	2022-01-02 04:34:00	AM10	AMXAJI0Y6	AM	3.10
1071	2022-01-02 04:54:00	KO02	OOZSJ49IT	OO	3.40
1072	2022-01-02 04:55:00	OO07	OO7PZE9VI	OO	1.90
1073	2022-01-02 05:58:00	NAO28	AMNT3W5UZ	AM	2.50
1074	2022-01-02 06:10:00	NAO11	NAO5UQPGB7	NAO	2.50
1075	2022-01-02 06:30:00	EG22	EGRHOCN9J	EG	1.60
1076	2022-01-02 06:31:00	AM05	AMV3A3ZMF	AM	3.60
1077	2022-01-02 06:34:00	KO04	KONCXLL4Z	KO	2.95
1078	2022-01-02 06:41:00	EG33	NOE1V2ISQ	NO	2.00
1079	2022-01-02 07:13:00	NAO40	NAO5ZJA8DZ	NAO	2.50
1080	2022-01-02 07:16:00	EG23	NAOURTP0LZ	NAO	1.40
1081	2022-01-02 07:45:00	KO03	OO1B0Z3NX	OO	2.95
1082	2022-01-02 07:54:00	AM10	EGRHOCN9J	EG	3.10
1083	2022-01-02 08:03:00	OO10	NAO09SKDGI	NAO	2.50
1084	2022-01-02 08:34:00	NO14	NOX6GVWRD	NO	4.15
1085	2022-01-02 08:41:00	AM06	AMXAJI0Y6	AM	3.60
1086	2022-01-02 08:41:00	EG31	NAOURTP0LZ	NAO	1.40
1087	2022-01-02 08:43:00	EG38	EG7UR23GD	EG	1.40
1088	2022-01-02 09:04:00	OO04	OOQ0OXFQ8	OO	2.40
1089	2022-01-02 10:34:00	NAO14	NAOHAFEYUH	NAO	2.50
1090	2022-01-02 10:53:00	NAO32	NORCBPLJD	NO	2.50
1091	2022-01-02 10:54:00	NAO05	EGUT0CVS4	EG	2.50
1092	2022-01-02 10:56:00	MO09	AMV3A3ZMF	AM	2.70
1093	2022-01-02 11:06:00	KO09	KOJDP0LVS	KO	2.05
1094	2022-01-02 11:12:00	OO06	MOJCKJLTE	MO	3.50
1095	2022-01-02 11:16:00	AM06	AMLJH75LX	AM	3.60
1096	2022-01-02 11:26:00	AM01	AMHJ7XVG0	AM	2.00
1097	2022-01-02 11:30:00	NO05	KOWKTAKPU	KO	3.25
1098	2022-01-02 11:55:00	NO01	NOE1V2ISQ	NO	3.85
1099	2022-01-02 12:02:00	EG10	EGVWPVS7H	EG	0.90
1100	2022-01-02 12:16:00	GE02	GE5A0L725	GE	14.70
1101	2022-01-02 12:26:00	NAO18	NAOHAFEYUH	NAO	2.50
1102	2022-01-02 12:35:00	EG30	EG9CHJ755	EG	1.50
1103	2022-01-02 13:33:00	NO01	NOE1V2ISQ	NO	3.85
1104	2022-01-02 14:18:00	EG06	EG9CHJ755	EG	1.70
1105	2022-01-02 14:30:00	NO10	NAOP0J43D5	NAO	4.20
1106	2022-01-02 15:07:00	NAO21	NAO5ZJA8DZ	NAO	2.50
1107	2022-01-02 15:09:00	EG09	EGYTJXEPQ	EG	0.90
1108	2022-01-02 15:20:00	NO10	NAOVZ41NAM	NAO	4.20
1109	2022-01-02 15:29:00	OO04	NOXFGCAQV	NO	2.40
1110	2022-01-02 15:46:00	EG29	EGC11ERTJ	EG	1.50
1111	2022-01-02 15:51:00	AM01	AMLJH75LX	AM	2.00
1112	2022-01-02 15:51:00	NAO10	NAO5UQPGB7	NAO	2.50
1113	2022-01-02 16:09:00	EG26	NOE1V2ISQ	NO	1.80
1114	2022-01-02 17:22:00	NAO32	NAOHAFEYUH	NAO	2.50
1115	2022-01-02 17:59:00	AM06	EGVWPVS7H	EG	3.60
1116	2022-01-02 18:31:00	NO13	NAO5ZJA8DZ	NAO	4.15
1117	2022-01-02 18:32:00	KO10	KONCXLL4Z	KO	2.05
1118	2022-01-02 18:48:00	EG29	AMH9SDBDW	AM	1.50
1119	2022-01-02 18:50:00	NO05	EGVWPVS7H	EG	3.25
1120	2022-01-02 18:56:00	AM08	OOZSJ49IT	OO	2.80
1121	2022-01-02 19:13:00	EG33	EGIGQPKI7	EG	2.00
1122	2022-01-02 19:41:00	EG11	OO1B0Z3NX	OO	0.50
1123	2022-01-02 20:29:00	EG11	EGIGQPKI7	EG	0.50
1124	2022-01-02 20:48:00	MO08	NAOLY8OZCY	NAO	3.15
1125	2022-01-02 20:57:00	EG10	EGC11ERTJ	EG	0.90
1126	2022-01-02 21:21:00	AM08	EGYTJXEPQ	EG	2.80
1127	2022-01-02 21:41:00	EG09	NAOP0J43D5	NAO	0.90
1128	2022-01-02 21:58:00	EG28	EGF1T2TAL	EG	1.40
1129	2022-01-02 21:59:00	NO05	OO1B0Z3NX	OO	3.25
1130	2022-01-02 22:09:00	EG01	EG9CHJ755	EG	3.00
1131	2022-01-02 22:57:00	AM05	NAOHAFEYUH	NAO	3.60
1132	2022-01-02 23:31:00	OO01	AMLJH75LX	AM	2.30
1133	2022-01-03 00:51:00	EG19	EGF1T2TAL	EG	1.40
1134	2022-01-03 00:57:00	NO06	NORCBPLJD	NO	3.25
1135	2022-01-03 01:20:00	KO07	NAOP0J43D5	NAO	1.85
1136	2022-01-03 01:22:00	NAO38	NAO09SKDGI	NAO	2.50
1137	2022-01-03 01:29:00	OO10	AMLJH75LX	AM	2.50
1138	2022-01-03 01:30:00	NAO39	NAOURTP0LZ	NAO	2.50
1139	2022-01-03 01:43:00	KO02	AMXAJI0Y6	AM	3.40
1140	2022-01-03 02:13:00	OO04	NAOVZ41NAM	NAO	2.40
1141	2022-01-03 02:40:00	NAO23	NAOLY8OZCY	NAO	2.50
1142	2022-01-03 02:41:00	OO02	OO3KKV9RF	OO	2.30
1143	2022-01-03 04:00:00	OO10	OO1B0Z3NX	OO	2.50
1144	2022-01-03 04:06:00	KO01	KOWKTAKPU	KO	3.40
1145	2022-01-03 04:30:00	AM03	AMH9SDBDW	AM	2.20
1146	2022-01-03 04:34:00	NO01	NORCBPLJD	NO	3.85
1147	2022-01-03 04:36:00	EG05	EG7UR23GD	EG	1.70
1148	2022-01-03 05:05:00	NAO17	OO1B0Z3NX	OO	2.50
1149	2022-01-03 05:07:00	NAO28	NAOHAFEYUH	NAO	2.50
1150	2022-01-03 05:24:00	AM08	AMXAJI0Y6	AM	2.80
1151	2022-01-03 06:11:00	NAO18	NOXFGCAQV	NO	2.50
1152	2022-01-03 06:13:00	NAO05	NAO5ZJA8DZ	NAO	2.50
1153	2022-01-03 06:26:00	EG34	EGC11ERTJ	EG	2.00
1154	2022-01-03 06:28:00	AM01	NAO5UQPGB7	NAO	2.00
1155	2022-01-03 07:33:00	KO07	KOJDP0LVS	KO	1.85
1156	2022-01-03 07:40:00	NAO06	NOQLL8OS9	NO	2.50
1157	2022-01-03 08:15:00	KO07	AMXAJI0Y6	AM	1.85
1158	2022-01-03 08:23:00	NAO10	EGSEIMVIH	EG	2.50
1159	2022-01-03 08:36:00	AM03	AMH9SDBDW	AM	2.20
1160	2022-01-03 08:51:00	OO05	OOZSJ49IT	OO	3.50
1161	2022-01-03 09:12:00	OO08	OO3KKV9RF	OO	1.90
1162	2022-01-03 09:26:00	MO08	MOJCKJLTE	MO	3.15
1163	2022-01-03 09:43:00	EG21	EGYTJXEPQ	EG	1.60
1164	2022-01-03 10:22:00	OO10	OOQ0OXFQ8	OO	2.50
1165	2022-01-03 10:31:00	NAO06	NAOHAFEYUH	NAO	2.50
1166	2022-01-03 10:46:00	NAO05	KONCXLL4Z	KO	2.50
1167	2022-01-03 10:49:00	OO10	OO7PZE9VI	OO	2.50
1168	2022-01-03 10:59:00	EG04	OOZSJ49IT	OO	1.20
1169	2022-01-03 11:46:00	EG21	EG7UR23GD	EG	1.60
1170	2022-01-03 12:07:00	NAO07	NAOBMYOFQE	NAO	2.50
1171	2022-01-03 12:10:00	KO07	NAOURTP0LZ	NAO	1.85
1172	2022-01-03 12:33:00	NAO20	NOQLL8OS9	NO	2.50
1173	2022-01-03 12:38:00	NO10	NOQLL8OS9	NO	4.20
1174	2022-01-03 13:00:00	EG17	OO3KKV9RF	OO	2.10
1175	2022-01-03 13:40:00	EG28	EGF1T2TAL	EG	1.40
1176	2022-01-03 13:51:00	NAO36	EGVWPVS7H	EG	2.50
1177	2022-01-03 14:30:00	KO10	KOIXA11DP	KO	2.05
1178	2022-01-03 14:56:00	OO05	NO7PTX63C	NO	3.50
1179	2022-01-03 15:06:00	AM06	AMH9SDBDW	AM	3.60
1180	2022-01-03 15:28:00	NO13	NOXFGCAQV	NO	4.15
1181	2022-01-03 15:42:00	NAO22	NAOVZ41NAM	NAO	2.50
1182	2022-01-03 17:21:00	KO10	KOJDP0LVS	KO	2.05
1183	2022-01-03 17:37:00	KO04	KOWKTAKPU	KO	2.95
1184	2022-01-03 17:40:00	NAO25	NAO5ZJA8DZ	NAO	2.50
1185	2022-01-03 18:23:00	NAO30	NAOHAFEYUH	NAO	2.50
1186	2022-01-03 18:32:00	NAO26	NAO09SKDGI	NAO	2.50
1187	2022-01-03 18:55:00	NAO24	AMLJH75LX	AM	2.50
1188	2022-01-03 19:02:00	NAO03	NAOLY8OZCY	NAO	2.50
1189	2022-01-03 19:05:00	AM06	AMH9SDBDW	AM	3.60
1190	2022-01-03 19:17:00	NAO31	OO7PZE9VI	OO	2.50
1191	2022-01-03 19:36:00	NAO06	NAOP0J43D5	NAO	2.50
1192	2022-01-03 19:42:00	KO08	KOIXA11DP	KO	1.85
1193	2022-01-03 20:20:00	MO04	MOV86WZS3	MO	2.10
1194	2022-01-03 20:52:00	KO01	KONCXLL4Z	KO	3.40
1195	2022-01-03 21:06:00	KO06	KONCXLL4Z	KO	1.90
1196	2022-01-03 21:12:00	NO05	EGVWPVS7H	EG	3.25
1197	2022-01-03 21:34:00	OO03	NAOLY8OZCY	NAO	2.40
1198	2022-01-03 21:51:00	NO14	NO7PTX63C	NO	4.15
1199	2022-01-03 21:53:00	AM06	EG7UR23GD	EG	3.60
1200	2022-01-03 22:15:00	NAO22	NAOVZ41NAM	NAO	2.50
1201	2022-01-03 22:41:00	EG15	EGVWPVS7H	EG	1.20
1202	2022-01-03 22:58:00	EG20	EGSEIMVIH	EG	1.40
1203	2022-01-04 00:30:00	EG18	EGIGQPKI7	EG	2.10
1204	2022-01-04 00:55:00	KO05	EGVWPVS7H	EG	1.90
1205	2022-01-04 01:00:00	KO02	EG9CHJ755	EG	3.40
1206	2022-01-04 01:56:00	OO06	NAOHL1N13J	NAO	3.50
1207	2022-01-04 03:35:00	EG36	EGUT0CVS4	EG	1.00
1208	2022-01-04 03:43:00	AM03	AMNT3W5UZ	AM	2.20
1209	2022-01-04 04:08:00	NAO28	NOE1V2ISQ	NO	2.50
1210	2022-01-04 04:46:00	AM01	AMXAJI0Y6	AM	2.00
1211	2022-01-04 04:50:00	NAO13	NAOP0J43D5	NAO	2.50
1212	2022-01-04 04:51:00	KO08	KOJDP0LVS	KO	1.85
1213	2022-01-04 04:59:00	AM04	AMV3A3ZMF	AM	2.20
1214	2022-01-04 05:11:00	KO02	NAOLY8OZCY	NAO	3.40
1215	2022-01-04 05:17:00	NAO09	NAO5UQPGB7	NAO	2.50
1216	2022-01-04 05:18:00	NAO05	NAO5ZJA8DZ	NAO	2.50
1217	2022-01-04 05:33:00	NAO25	NAOHL1N13J	NAO	2.50
1218	2022-01-04 06:01:00	NO07	EGF1T2TAL	EG	3.55
1219	2022-01-04 06:55:00	NAO07	NAO5ZJA8DZ	NAO	2.50
1220	2022-01-04 06:59:00	NAO07	NAOURTP0LZ	NAO	2.50
1221	2022-01-04 07:01:00	OO07	OOQ0OXFQ8	OO	1.90
1222	2022-01-04 07:04:00	EG08	EGSEIMVIH	EG	1.80
1223	2022-01-04 07:17:00	NAO39	NAOP0J43D5	NAO	2.50
1224	2022-01-04 07:29:00	NO06	NO7PTX63C	NO	3.25
1225	2022-01-04 07:49:00	OO01	EGYTJXEPQ	EG	2.30
1226	2022-01-04 07:58:00	GE02	KOWKTAKPU	KO	14.70
1227	2022-01-04 08:04:00	KO02	KOWM31YIH	KO	3.40
1228	2022-01-04 08:09:00	EG10	EGIGQPKI7	EG	0.90
1229	2022-01-04 08:12:00	EG37	EGF1T2TAL	EG	1.40
1230	2022-01-04 08:18:00	NAO39	NAOP0J43D5	NAO	2.50
1231	2022-01-04 09:04:00	NAO32	NAO5UQPGB7	NAO	2.50
1232	2022-01-04 09:06:00	NAO40	NAOHL1N13J	NAO	2.50
1233	2022-01-04 09:26:00	NO13	NOE1V2ISQ	NO	4.15
1234	2022-01-04 09:59:00	AM02	AMHJ7XVG0	AM	2.00
1235	2022-01-04 10:23:00	EG06	EGIGQPKI7	EG	1.70
1236	2022-01-04 10:31:00	NO10	NOXFGCAQV	NO	4.20
1237	2022-01-04 10:46:00	NO10	NOX6GVWRD	NO	4.20
1238	2022-01-04 11:27:00	NO05	KONCXLL4Z	KO	3.25
1239	2022-01-04 11:41:00	NAO39	EGIGQPKI7	EG	2.50
1240	2022-01-04 12:02:00	NO06	EGVWPVS7H	EG	3.25
1241	2022-01-04 13:53:00	OO10	OOQ0OXFQ8	OO	2.50
1242	2022-01-04 14:05:00	GE02	GE2IAGL58	GE	14.70
1243	2022-01-04 14:24:00	EG21	AMXAJI0Y6	AM	1.60
1244	2022-01-04 15:20:00	OO04	OO3KKV9RF	OO	2.40
1245	2022-01-04 15:35:00	EG17	EG7UR23GD	EG	2.10
1246	2022-01-04 15:58:00	NO12	MOV86WZS3	MO	3.35
1247	2022-01-04 16:02:00	NAO04	OOQ0OXFQ8	OO	2.50
1248	2022-01-04 16:10:00	NAO14	NAONSM43D8	NAO	2.50
1249	2022-01-04 16:47:00	MO05	MOJCKJLTE	MO	2.60
1250	2022-01-04 16:56:00	NO10	NAOURTP0LZ	NAO	4.20
1251	2022-01-04 17:03:00	EG12	EGSEIMVIH	EG	0.50
1252	2022-01-04 17:14:00	KO08	KONCXLL4Z	KO	1.85
1253	2022-01-04 17:49:00	MO10	EG9CHJ755	EG	2.70
1254	2022-01-04 17:52:00	EG25	NAOHL1N13J	NAO	1.80
1255	2022-01-04 18:00:00	AM10	AMHJ7XVG0	AM	3.10
1256	2022-01-04 19:38:00	AM06	NOXFGCAQV	NO	3.60
1257	2022-01-04 19:41:00	NO06	AMHJ7XVG0	AM	3.25
1258	2022-01-04 19:41:00	OO03	AMXAJI0Y6	AM	2.40
1259	2022-01-04 20:00:00	KO09	KOJDP0LVS	KO	2.05
1260	2022-01-04 20:01:00	AM09	AMNT3W5UZ	AM	3.10
1261	2022-01-04 20:01:00	NAO08	NAOVZ41NAM	NAO	2.50
1262	2022-01-04 20:36:00	NAO20	NAO5UQPGB7	NAO	2.50
1263	2022-01-04 21:02:00	KO05	KOWM31YIH	KO	1.90
1264	2022-01-04 21:11:00	EG33	EGIGQPKI7	EG	2.00
1265	2022-01-04 22:38:00	EG20	NAOBMYOFQE	NAO	1.40
1266	2022-01-04 23:15:00	OO06	OO3KKV9RF	OO	3.50
1267	2022-01-04 23:45:00	NO02	NOXFGCAQV	NO	3.85
1268	2022-01-04 23:51:00	AM05	AMLJH75LX	AM	3.60
1269	2022-01-04 23:55:00	KO05	EGC11ERTJ	EG	1.90
1270	2022-01-05 00:53:00	AM07	OO1B0Z3NX	OO	2.80
1271	2022-01-05 01:24:00	MO02	NAOHL1N13J	NAO	1.35
1272	2022-01-05 01:25:00	NAO32	NAO5ZJA8DZ	NAO	2.50
1273	2022-01-05 01:48:00	OO06	NO7PTX63C	NO	3.50
1274	2022-01-05 02:14:00	MO09	EGF1T2TAL	EG	2.70
1275	2022-01-05 03:01:00	AM03	AMH9SDBDW	AM	2.20
1276	2022-01-05 03:05:00	EG22	OO7PZE9VI	OO	1.60
1277	2022-01-05 03:19:00	GE02	GEX7EEDTJ	GE	14.70
1278	2022-01-05 03:50:00	EG01	NAO5UQPGB7	NAO	3.00
1279	2022-01-05 04:07:00	EG21	EGYTJXEPQ	EG	1.60
1280	2022-01-05 04:31:00	EG33	EGF1T2TAL	EG	2.00
1281	2022-01-05 04:34:00	EG29	EGF1T2TAL	EG	1.50
1282	2022-01-05 04:38:00	NO11	NAOURTP0LZ	NAO	3.35
1283	2022-01-05 04:40:00	NO07	NOQLL8OS9	NO	3.55
1284	2022-01-05 04:42:00	OO08	OO7PZE9VI	OO	1.90
1285	2022-01-05 04:53:00	NO06	GE5A0L725	GE	3.25
1286	2022-01-05 05:11:00	NO14	NO7PTX63C	NO	4.15
1287	2022-01-05 05:17:00	NO14	NO7PTX63C	NO	4.15
1288	2022-01-05 05:39:00	AM05	AMLJH75LX	AM	3.60
1289	2022-01-05 05:59:00	EG22	EGVWPVS7H	EG	1.60
1290	2022-01-05 06:01:00	NO10	KOIXA11DP	KO	4.20
1291	2022-01-05 06:08:00	NO11	NOXFGCAQV	NO	3.35
1292	2022-01-05 06:16:00	NO05	NOX6GVWRD	NO	3.25
1293	2022-01-05 07:22:00	NO06	NOXFGCAQV	NO	3.25
1294	2022-01-05 07:28:00	NAO21	NAO5ZJA8DZ	NAO	2.50
1295	2022-01-05 08:15:00	EG10	NORCBPLJD	NO	0.90
1296	2022-01-05 08:25:00	AM07	NAO5UQPGB7	NAO	2.80
1297	2022-01-05 08:28:00	EG03	NAO09SKDGI	NAO	1.20
1298	2022-01-05 08:48:00	NAO35	NAO09SKDGI	NAO	2.50
1299	2022-01-05 08:50:00	KO07	KOWKTAKPU	KO	1.85
1300	2022-01-05 09:21:00	EG11	EGC11ERTJ	EG	0.50
1301	2022-01-05 09:40:00	NO01	AMNT3W5UZ	AM	3.85
1302	2022-01-05 10:00:00	KO09	EGC11ERTJ	EG	2.05
1303	2022-01-05 10:04:00	NO01	NOX6GVWRD	NO	3.85
1304	2022-01-05 10:11:00	EG31	EGUT0CVS4	EG	1.40
1305	2022-01-05 11:27:00	NAO41	NAOP0J43D5	NAO	2.50
1306	2022-01-05 11:42:00	NAO25	OOQ0OXFQ8	OO	2.50
1307	2022-01-05 12:22:00	EG02	EGF1T2TAL	EG	3.00
1308	2022-01-05 13:01:00	NO04	NO7PTX63C	NO	3.25
1309	2022-01-05 13:36:00	MO02	MOV86WZS3	MO	1.35
1310	2022-01-05 13:47:00	NAO18	KONCXLL4Z	KO	2.50
1311	2022-01-05 14:34:00	AM05	AMHJ7XVG0	AM	3.60
1312	2022-01-05 14:38:00	OO10	OOQ0OXFQ8	OO	2.50
1313	2022-01-05 14:40:00	EG14	OO3KKV9RF	OO	1.20
1314	2022-01-05 14:57:00	MO09	MOV86WZS3	MO	2.70
1315	2022-01-05 15:19:00	EG03	EG7UR23GD	EG	1.20
1316	2022-01-05 15:48:00	AM04	NAOHL1N13J	NAO	2.20
1317	2022-01-05 16:00:00	AM08	KOIXA11DP	KO	2.80
1318	2022-01-05 16:16:00	OO04	OOZSJ49IT	OO	2.40
1319	2022-01-05 17:54:00	NAO32	NAO5UQPGB7	NAO	2.50
1320	2022-01-05 18:21:00	KO05	EGF1T2TAL	EG	1.90
1321	2022-01-05 18:56:00	NAO02	NAOP0J43D5	NAO	2.50
1322	2022-01-05 19:25:00	NO03	NOXFGCAQV	NO	3.25
1323	2022-01-05 20:19:00	EG11	EGRHOCN9J	EG	0.50
1324	2022-01-05 20:23:00	NAO37	NAOBMYOFQE	NAO	2.50
1325	2022-01-05 20:55:00	OO04	OOZSJ49IT	OO	2.40
1326	2022-01-05 21:00:00	NAO21	NAOLY8OZCY	NAO	2.50
1327	2022-01-05 21:21:00	NO06	NOE1V2ISQ	NO	3.25
1328	2022-01-05 21:26:00	EG19	EGYTJXEPQ	EG	1.40
1329	2022-01-05 21:37:00	OO07	OO7PZE9VI	OO	1.90
1330	2022-01-05 22:05:00	NO02	NOXFGCAQV	NO	3.85
1331	2022-01-05 22:19:00	MO06	MOJCKJLTE	MO	2.60
1332	2022-01-05 22:22:00	NO09	NAOBMYOFQE	NAO	4.20
1333	2022-01-05 22:46:00	GE02	GEJA1WJ0T	GE	14.70
1334	2022-01-05 22:51:00	NAO30	EGUT0CVS4	EG	2.50
1335	2022-01-05 23:08:00	MO04	MOJCKJLTE	MO	2.10
1336	2022-01-05 23:32:00	AM10	AMV3A3ZMF	AM	3.10
1337	2022-01-05 23:40:00	NAO20	NAOVZ41NAM	NAO	2.50
1338	2022-01-06 00:25:00	OO04	OOZSJ49IT	OO	2.40
1339	2022-01-06 00:30:00	NAO30	NAONSM43D8	NAO	2.50
1340	2022-01-06 00:40:00	AM09	AMXAJI0Y6	AM	3.10
1341	2022-01-06 00:40:00	EG02	NAONSM43D8	NAO	3.00
1342	2022-01-06 00:57:00	NO13	NO7PTX63C	NO	4.15
1343	2022-01-06 01:41:00	MO08	MOV86WZS3	MO	3.15
1344	2022-01-06 03:08:00	OO08	OOZSJ49IT	OO	1.90
1345	2022-01-06 03:24:00	NAO28	NAOHAFEYUH	NAO	2.50
1346	2022-01-06 04:19:00	NAO01	NAOBMYOFQE	NAO	2.50
1347	2022-01-06 04:50:00	OO10	OOZSJ49IT	OO	2.50
1348	2022-01-06 04:59:00	EG29	EG7UR23GD	EG	1.50
1349	2022-01-06 05:07:00	NAO01	NAOP0J43D5	NAO	2.50
1350	2022-01-06 05:19:00	NAO16	EGUT0CVS4	EG	2.50
1351	2022-01-06 05:34:00	OO05	AMHJ7XVG0	AM	3.50
1352	2022-01-06 05:37:00	EG17	EGYTJXEPQ	EG	2.10
1353	2022-01-06 05:40:00	NO05	NAOVZ41NAM	NAO	3.25
1354	2022-01-06 06:34:00	AM06	AMXAJI0Y6	AM	3.60
1355	2022-01-06 06:34:00	NAO35	KONCXLL4Z	KO	2.50
1356	2022-01-06 07:18:00	NAO35	NAO5ZJA8DZ	NAO	2.50
1357	2022-01-06 07:27:00	NO04	NOE1V2ISQ	NO	3.25
1358	2022-01-06 07:39:00	KO04	KOIXA11DP	KO	2.95
1359	2022-01-06 08:27:00	AM01	EG7UR23GD	EG	2.00
1360	2022-01-06 08:40:00	NO06	NOX6GVWRD	NO	3.25
1361	2022-01-06 08:45:00	NAO37	NAO09SKDGI	NAO	2.50
1362	2022-01-06 08:54:00	MO10	MOV86WZS3	MO	2.70
1363	2022-01-06 08:57:00	AM10	AMNT3W5UZ	AM	3.10
1364	2022-01-06 09:04:00	EG22	EG7UR23GD	EG	1.60
1365	2022-01-06 09:19:00	NAO17	NAOBMYOFQE	NAO	2.50
1366	2022-01-06 09:43:00	KO03	KOIXA11DP	KO	2.95
1367	2022-01-06 10:48:00	EG24	EGF1T2TAL	EG	1.40
1368	2022-01-06 11:16:00	AM04	MOJCKJLTE	MO	2.20
1369	2022-01-06 11:20:00	KO06	EGC11ERTJ	EG	1.90
1370	2022-01-06 11:24:00	AM08	OO7PZE9VI	OO	2.80
1371	2022-01-06 11:44:00	NAO37	AMNT3W5UZ	AM	2.50
1372	2022-01-06 11:58:00	EG13	EGUT0CVS4	EG	1.20
1373	2022-01-06 12:31:00	AM05	AMV3A3ZMF	AM	3.60
1374	2022-01-06 12:32:00	NAO27	OOQ0OXFQ8	OO	2.50
1375	2022-01-06 12:33:00	EG38	GEL6246HI	GE	1.40
1376	2022-01-06 12:54:00	EG32	NAO5ZJA8DZ	NAO	1.40
1377	2022-01-06 13:03:00	AM02	NOQLL8OS9	NO	2.00
1378	2022-01-06 13:47:00	MO07	KOIXA11DP	KO	3.15
1379	2022-01-06 13:59:00	MO06	MOV86WZS3	MO	2.60
1380	2022-01-06 14:49:00	NAO09	MOJCKJLTE	MO	2.50
1381	2022-01-06 15:03:00	NAO30	NAOP0J43D5	NAO	2.50
1382	2022-01-06 15:14:00	EG28	NAOBMYOFQE	NAO	1.40
1383	2022-01-06 15:15:00	AM03	AMLJH75LX	AM	2.20
1384	2022-01-06 15:35:00	NO06	NOX6GVWRD	NO	3.25
1385	2022-01-06 15:43:00	AM04	AMLJH75LX	AM	2.20
1386	2022-01-06 16:46:00	AM02	AMXAJI0Y6	AM	2.00
1387	2022-01-06 17:12:00	KO07	KOWKTAKPU	KO	1.85
1388	2022-01-06 17:16:00	NO10	OO1B0Z3NX	OO	4.20
1389	2022-01-06 17:32:00	AM08	AMHJ7XVG0	AM	2.80
1390	2022-01-06 17:38:00	EG10	EGIGQPKI7	EG	0.90
1391	2022-01-06 17:54:00	EG09	EGSEIMVIH	EG	0.90
1392	2022-01-06 18:01:00	NAO08	NAO5ZJA8DZ	NAO	2.50
1393	2022-01-06 18:10:00	AM02	AMHJ7XVG0	AM	2.00
1394	2022-01-06 18:36:00	AM06	AMXAJI0Y6	AM	3.60
1395	2022-01-06 18:38:00	OO02	NOQLL8OS9	NO	2.30
1396	2022-01-06 18:44:00	NAO34	NOXFGCAQV	NO	2.50
1397	2022-01-06 19:00:00	OO07	NAOLY8OZCY	NAO	1.90
1398	2022-01-06 19:23:00	KO10	KOJDP0LVS	KO	2.05
1399	2022-01-06 19:25:00	NAO04	NAO5UQPGB7	NAO	2.50
1400	2022-01-06 20:11:00	NAO02	KOIXA11DP	KO	2.50
1401	2022-01-06 20:56:00	OO01	OO7PZE9VI	OO	2.30
1402	2022-01-06 20:59:00	NAO20	NAO5UQPGB7	NAO	2.50
1403	2022-01-06 21:18:00	KO10	NO7PTX63C	NO	2.05
1404	2022-01-06 21:28:00	EG25	MOV86WZS3	MO	1.80
1405	2022-01-06 21:40:00	AM10	NAO5ZJA8DZ	NAO	3.10
1406	2022-01-06 21:53:00	AM06	AMXAJI0Y6	AM	3.60
1407	2022-01-06 22:05:00	NAO11	NAO5UQPGB7	NAO	2.50
1408	2022-01-06 22:15:00	AM03	AMHJ7XVG0	AM	2.20
1409	2022-01-06 22:27:00	AM01	NOE1V2ISQ	NO	2.00
1410	2022-01-06 22:34:00	NAO04	KOIXA11DP	KO	2.50
1411	2022-01-06 22:47:00	KO09	NOXFGCAQV	NO	2.05
1412	2022-01-06 23:08:00	MO10	MOJCKJLTE	MO	2.70
1413	2022-01-06 23:10:00	NO01	NOXFGCAQV	NO	3.85
1414	2022-01-06 23:34:00	EG19	NAOBMYOFQE	NAO	1.40
1415	2022-01-06 23:38:00	NAO17	NAONSM43D8	NAO	2.50
1416	2022-01-07 00:09:00	KO04	KOIXA11DP	KO	2.95
1417	2022-01-07 00:11:00	NAO07	NAOP0J43D5	NAO	2.50
1418	2022-01-07 00:23:00	NO02	NOXFGCAQV	NO	3.85
1419	2022-01-07 00:34:00	NAO06	NAO5UQPGB7	NAO	2.50
1420	2022-01-07 00:35:00	NO02	NOXFGCAQV	NO	3.85
1421	2022-01-07 00:37:00	EG21	NOXFGCAQV	NO	1.60
1422	2022-01-07 00:37:00	NAO27	EG9CHJ755	EG	2.50
1423	2022-01-07 01:24:00	EG18	EGIGQPKI7	EG	2.10
1424	2022-01-07 01:38:00	EG09	EG9CHJ755	EG	0.90
1425	2022-01-07 02:00:00	AM04	AMV3A3ZMF	AM	2.20
1426	2022-01-07 02:47:00	OO08	OO3KKV9RF	OO	1.90
1427	2022-01-07 03:02:00	AM09	NAO09SKDGI	NAO	3.10
1428	2022-01-07 04:29:00	KO06	AMHJ7XVG0	AM	1.90
1429	2022-01-07 04:51:00	AM03	EGSEIMVIH	EG	2.20
1430	2022-01-07 05:06:00	EG10	EGF1T2TAL	EG	0.90
1431	2022-01-07 06:13:00	OO10	OOZSJ49IT	OO	2.50
1432	2022-01-07 06:40:00	OO03	OO1B0Z3NX	OO	2.40
1433	2022-01-07 06:46:00	NO10	NOX6GVWRD	NO	4.20
1434	2022-01-07 07:01:00	OO09	NAOURTP0LZ	NAO	2.50
1435	2022-01-07 07:54:00	MO01	MOV86WZS3	MO	1.35
1436	2022-01-07 08:02:00	NAO19	NOXFGCAQV	NO	2.50
1437	2022-01-07 08:07:00	OO05	OO3KKV9RF	OO	3.50
1438	2022-01-07 08:29:00	EG08	EGVWPVS7H	EG	1.80
1439	2022-01-07 09:10:00	OO02	NAOURTP0LZ	NAO	2.30
1440	2022-01-07 10:00:00	AM06	KOIXA11DP	KO	3.60
1441	2022-01-07 10:29:00	OO01	NORCBPLJD	NO	2.30
1442	2022-01-07 11:15:00	NO04	NOQLL8OS9	NO	3.25
1443	2022-01-07 11:22:00	EG34	EGIGQPKI7	EG	2.00
1444	2022-01-07 11:44:00	NAO37	NAOLY8OZCY	NAO	2.50
1445	2022-01-07 11:47:00	NAO39	AMXAJI0Y6	AM	2.50
1446	2022-01-07 12:06:00	EG06	NAOBMYOFQE	NAO	1.70
1447	2022-01-07 12:26:00	NAO15	OO3KKV9RF	OO	2.50
1448	2022-01-07 12:32:00	NAO37	NAOHL1N13J	NAO	2.50
1449	2022-01-07 12:39:00	KO03	NAOHL1N13J	NAO	2.95
1450	2022-01-07 12:56:00	OO06	OO1B0Z3NX	OO	3.50
1451	2022-01-07 13:32:00	NO07	NO7PTX63C	NO	3.55
1452	2022-01-07 14:01:00	EG21	NORCBPLJD	NO	1.60
1453	2022-01-07 14:25:00	NAO29	NO7PTX63C	NO	2.50
1454	2022-01-07 14:26:00	OO07	NAONSM43D8	NAO	1.90
1455	2022-01-07 15:11:00	NAO12	AMXAJI0Y6	AM	2.50
1456	2022-01-07 15:13:00	EG02	NAONSM43D8	NAO	3.00
1457	2022-01-07 15:53:00	AM07	AMXAJI0Y6	AM	2.80
1458	2022-01-07 15:56:00	EG28	EG9CHJ755	EG	1.40
1459	2022-01-07 16:12:00	EG09	AMXAJI0Y6	AM	0.90
1460	2022-01-07 16:26:00	OO03	OO7PZE9VI	OO	2.40
1461	2022-01-07 16:53:00	OO06	OOQ0OXFQ8	OO	3.50
1462	2022-01-07 17:03:00	OO06	OO7PZE9VI	OO	3.50
1463	2022-01-07 17:20:00	NAO16	NAOHL1N13J	NAO	2.50
1464	2022-01-07 17:33:00	NAO04	NAOP0J43D5	NAO	2.50
1465	2022-01-07 18:04:00	NAO33	NAOP0J43D5	NAO	2.50
1466	2022-01-07 18:57:00	AM07	AMLJH75LX	AM	2.80
1467	2022-01-07 18:58:00	NO02	NOE1V2ISQ	NO	3.85
1468	2022-01-07 20:08:00	EG30	EGUT0CVS4	EG	1.50
1469	2022-01-07 20:40:00	OO10	OOQ0OXFQ8	OO	2.50
1470	2022-01-07 21:00:00	AM02	EGRHOCN9J	EG	2.00
1471	2022-01-07 21:28:00	KO09	EGIGQPKI7	EG	2.05
1472	2022-01-07 21:58:00	EG29	EGSEIMVIH	EG	1.50
1473	2022-01-07 21:58:00	NAO39	NAOURTP0LZ	NAO	2.50
1474	2022-01-07 22:03:00	OO02	OO3KKV9RF	OO	2.30
1475	2022-01-07 22:43:00	AM08	AMLJH75LX	AM	2.80
1476	2022-01-07 23:38:00	EG18	KOIXA11DP	KO	2.10
1477	2022-01-07 23:49:00	EG08	EGRHOCN9J	EG	1.80
1478	2022-01-08 00:15:00	NAO32	NAOHL1N13J	NAO	2.50
1479	2022-01-08 00:37:00	KO03	KOWM31YIH	KO	2.95
1480	2022-01-08 01:40:00	EG10	EGSEIMVIH	EG	0.90
1481	2022-01-08 01:46:00	NAO21	NAOP0J43D5	NAO	2.50
1482	2022-01-08 01:59:00	MO03	OOZSJ49IT	OO	2.10
1483	2022-01-08 02:00:00	KO01	NAOP0J43D5	NAO	3.40
1484	2022-01-08 02:28:00	NAO21	NAOHL1N13J	NAO	2.50
1485	2022-01-08 03:34:00	NO05	NORCBPLJD	NO	3.25
1486	2022-01-08 03:47:00	EG34	AMLJH75LX	AM	2.00
1487	2022-01-08 03:55:00	AM08	AMNT3W5UZ	AM	2.80
1488	2022-01-08 03:59:00	AM05	AMLJH75LX	AM	3.60
1489	2022-01-08 04:06:00	NAO07	NAO5ZJA8DZ	NAO	2.50
1490	2022-01-08 04:09:00	NAO26	NAOHAFEYUH	NAO	2.50
1491	2022-01-08 04:13:00	EG21	EGF1T2TAL	EG	1.60
1492	2022-01-08 05:14:00	GE02	OO3KKV9RF	OO	14.70
1493	2022-01-08 05:16:00	NAO12	NAO09SKDGI	NAO	2.50
1494	2022-01-08 05:16:00	NAO26	EGSEIMVIH	EG	2.50
1495	2022-01-08 05:22:00	AM04	KOWKTAKPU	KO	2.20
1496	2022-01-08 05:48:00	KO01	KOJDP0LVS	KO	3.40
1497	2022-01-08 05:49:00	KO01	KOJDP0LVS	KO	3.40
1498	2022-01-08 06:05:00	NO11	NOE1V2ISQ	NO	3.35
1499	2022-01-08 06:18:00	OO07	EGC11ERTJ	EG	1.90
1500	2022-01-08 06:19:00	NAO24	NAONSM43D8	NAO	2.50
1501	2022-01-08 06:41:00	OO03	KOWM31YIH	KO	2.40
1502	2022-01-08 06:44:00	EG19	EGVWPVS7H	EG	1.40
1503	2022-01-08 07:02:00	OO03	OOZSJ49IT	OO	2.40
1504	2022-01-08 07:35:00	AM04	EGYTJXEPQ	EG	2.20
1505	2022-01-08 07:42:00	AM09	AMH9SDBDW	AM	3.10
1506	2022-01-08 08:00:00	OO08	OOZSJ49IT	OO	1.90
1507	2022-01-08 08:24:00	EG29	EGUT0CVS4	EG	1.50
1508	2022-01-08 09:13:00	NO03	NOE1V2ISQ	NO	3.25
1509	2022-01-08 09:53:00	NAO16	NAOBMYOFQE	NAO	2.50
1510	2022-01-08 09:56:00	OO05	OOZSJ49IT	OO	3.50
1511	2022-01-08 09:58:00	NAO41	NAOP0J43D5	NAO	2.50
1512	2022-01-08 11:14:00	OO07	EGF1T2TAL	EG	1.90
1513	2022-01-08 11:55:00	EG24	EGYTJXEPQ	EG	1.40
1514	2022-01-08 11:57:00	AM01	AMH9SDBDW	AM	2.00
1515	2022-01-08 12:20:00	EG06	EGC11ERTJ	EG	1.70
1516	2022-01-08 12:32:00	NO02	NAOLY8OZCY	NAO	3.85
1517	2022-01-08 12:59:00	EG19	NORCBPLJD	NO	1.40
1518	2022-01-08 13:08:00	OO05	OO3KKV9RF	OO	3.50
1519	2022-01-08 13:09:00	KO09	KOWM31YIH	KO	2.05
1520	2022-01-08 13:14:00	OO02	OOZSJ49IT	OO	2.30
1521	2022-01-08 13:41:00	NAO23	NAOHL1N13J	NAO	2.50
1522	2022-01-08 14:00:00	NAO39	AMNT3W5UZ	AM	2.50
1523	2022-01-08 14:04:00	KO02	AMHJ7XVG0	AM	3.40
1524	2022-01-08 14:10:00	NAO21	EGC11ERTJ	EG	2.50
1525	2022-01-08 14:26:00	NAO09	NAO5UQPGB7	NAO	2.50
1526	2022-01-08 14:56:00	NO08	NORCBPLJD	NO	3.55
1527	2022-01-08 15:12:00	NAO28	NAONSM43D8	NAO	2.50
1528	2022-01-08 15:15:00	NAO12	NAOHL1N13J	NAO	2.50
1529	2022-01-08 16:09:00	EG21	EG9CHJ755	EG	1.60
1530	2022-01-08 16:49:00	NO08	NOQLL8OS9	NO	3.55
1531	2022-01-08 17:15:00	NO04	NOXFGCAQV	NO	3.25
1532	2022-01-08 17:33:00	OO06	EGC11ERTJ	EG	3.50
1533	2022-01-08 17:45:00	NO01	NOXFGCAQV	NO	3.85
1534	2022-01-08 18:10:00	EG06	EGUT0CVS4	EG	1.70
1535	2022-01-08 18:10:00	OO07	OOQ0OXFQ8	OO	1.90
1536	2022-01-08 18:48:00	NO10	KOWKTAKPU	KO	4.20
1537	2022-01-08 19:05:00	KO05	KONCXLL4Z	KO	1.90
1538	2022-01-08 19:38:00	NAO10	NAOHAFEYUH	NAO	2.50
1539	2022-01-08 20:04:00	NAO18	NAO5ZJA8DZ	NAO	2.50
1540	2022-01-08 20:58:00	NO05	AMNT3W5UZ	AM	3.25
1541	2022-01-08 20:59:00	KO02	NAOURTP0LZ	NAO	3.40
1542	2022-01-08 21:53:00	NAO24	NAOHL1N13J	NAO	2.50
1543	2022-01-08 22:03:00	NAO26	NO7PTX63C	NO	2.50
1544	2022-01-08 22:20:00	NO09	NAOHL1N13J	NAO	4.20
1545	2022-01-08 22:57:00	NO14	NOXFGCAQV	NO	4.15
1546	2022-01-08 23:01:00	KO09	KOWM31YIH	KO	2.05
1547	2022-01-08 23:08:00	KO03	KONCXLL4Z	KO	2.95
1548	2022-01-08 23:21:00	EG25	EGVWPVS7H	EG	1.80
1549	2022-01-09 00:01:00	KO05	KOWM31YIH	KO	1.90
1550	2022-01-09 00:03:00	EG05	EGIGQPKI7	EG	1.70
1551	2022-01-09 00:23:00	KO04	MOJCKJLTE	MO	2.95
1552	2022-01-09 00:24:00	KO07	KOJDP0LVS	KO	1.85
1553	2022-01-09 00:55:00	NO03	NORCBPLJD	NO	3.25
1554	2022-01-09 00:57:00	OO06	EGYTJXEPQ	EG	3.50
1555	2022-01-09 01:06:00	OO07	OO7PZE9VI	OO	1.90
1556	2022-01-09 01:08:00	NO02	NOXFGCAQV	NO	3.85
1557	2022-01-09 01:10:00	NAO26	NAO09SKDGI	NAO	2.50
1558	2022-01-09 01:14:00	EG35	NAOP0J43D5	NAO	1.00
1559	2022-01-09 01:42:00	EG07	EGSEIMVIH	EG	1.80
1560	2022-01-09 02:59:00	NAO29	NAONSM43D8	NAO	2.50
1561	2022-01-09 03:31:00	OO03	OOQ0OXFQ8	OO	2.40
1562	2022-01-09 03:35:00	OO02	NOQLL8OS9	NO	2.30
1563	2022-01-09 04:03:00	NO02	NOX6GVWRD	NO	3.85
1564	2022-01-09 04:38:00	MO09	MOJCKJLTE	MO	2.70
1565	2022-01-09 04:40:00	MO11	EGC11ERTJ	EG	2.05
1566	2022-01-09 04:52:00	EG06	OOQ0OXFQ8	OO	1.70
1567	2022-01-09 05:30:00	EG25	EGUT0CVS4	EG	1.80
1568	2022-01-09 05:31:00	NO13	EGIGQPKI7	EG	4.15
1569	2022-01-09 05:57:00	NAO20	AMH9SDBDW	AM	2.50
1570	2022-01-09 07:04:00	EG14	EGC11ERTJ	EG	1.20
1571	2022-01-09 07:25:00	AM09	KOWM31YIH	KO	3.10
1572	2022-01-09 08:04:00	EG07	EGUT0CVS4	EG	1.80
1573	2022-01-09 08:16:00	NAO06	OO7PZE9VI	OO	2.50
1574	2022-01-09 08:19:00	OO09	OO3KKV9RF	OO	2.50
1575	2022-01-09 08:41:00	KO09	EGUT0CVS4	EG	2.05
1576	2022-01-09 08:42:00	KO07	KOJDP0LVS	KO	1.85
1577	2022-01-09 08:51:00	EG05	EGIGQPKI7	EG	1.70
1578	2022-01-09 09:03:00	EG26	KOWM31YIH	KO	1.80
1579	2022-01-09 09:04:00	AM02	EGVWPVS7H	EG	2.00
1580	2022-01-09 09:11:00	NAO21	EGIGQPKI7	EG	2.50
1581	2022-01-09 09:18:00	AM08	AMXAJI0Y6	AM	2.80
1582	2022-01-09 09:39:00	MO08	KONCXLL4Z	KO	3.15
1583	2022-01-09 09:46:00	EG06	KOWKTAKPU	KO	1.70
1584	2022-01-09 09:58:00	OO08	NAOHL1N13J	NAO	1.90
1585	2022-01-09 10:53:00	NAO31	NAOURTP0LZ	NAO	2.50
1586	2022-01-09 11:11:00	EG31	KOWKTAKPU	KO	1.40
1587	2022-01-09 11:31:00	EG13	EGVWPVS7H	EG	1.20
1588	2022-01-09 11:57:00	NAO07	AMV3A3ZMF	AM	2.50
1589	2022-01-09 12:15:00	NAO38	NAOHAFEYUH	NAO	2.50
1590	2022-01-09 12:47:00	EG29	EGC11ERTJ	EG	1.50
1591	2022-01-09 12:52:00	NO01	NOX6GVWRD	NO	3.85
1592	2022-01-09 13:09:00	MO03	MOJCKJLTE	MO	2.10
1593	2022-01-09 13:13:00	EG03	EGC11ERTJ	EG	1.20
1594	2022-01-09 13:14:00	AM10	AMV3A3ZMF	AM	3.10
1595	2022-01-09 13:22:00	EG03	EGUT0CVS4	EG	1.20
1596	2022-01-09 13:31:00	EG01	EGRHOCN9J	EG	3.00
1597	2022-01-09 14:10:00	KO02	NAOVZ41NAM	NAO	3.40
1598	2022-01-09 14:48:00	NAO16	NAOBMYOFQE	NAO	2.50
1599	2022-01-09 14:58:00	OO04	OO7PZE9VI	OO	2.40
1600	2022-01-09 15:51:00	NO10	NOQLL8OS9	NO	4.20
1601	2022-01-09 16:40:00	NAO30	NAOBMYOFQE	NAO	2.50
1602	2022-01-09 17:00:00	NO12	NOQLL8OS9	NO	3.35
1603	2022-01-09 17:06:00	AM10	AMHJ7XVG0	AM	3.10
1604	2022-01-09 17:11:00	NO07	NOE1V2ISQ	NO	3.55
1605	2022-01-09 17:17:00	MO09	MOJCKJLTE	MO	2.70
1606	2022-01-09 17:26:00	NAO03	NAOURTP0LZ	NAO	2.50
1607	2022-01-09 17:27:00	KO05	KOJDP0LVS	KO	1.90
1608	2022-01-09 17:30:00	MO05	MOJCKJLTE	MO	2.60
1609	2022-01-09 17:40:00	KO08	NAOLY8OZCY	NAO	1.85
1610	2022-01-09 17:47:00	AM09	NORCBPLJD	NO	3.10
1611	2022-01-09 17:56:00	OO01	OO1B0Z3NX	OO	2.30
1612	2022-01-09 17:58:00	NAO06	NAOLY8OZCY	NAO	2.50
1613	2022-01-09 18:07:00	EG21	NAOP0J43D5	NAO	1.60
1614	2022-01-09 18:14:00	EG02	EGUT0CVS4	EG	3.00
1615	2022-01-09 18:21:00	NAO01	NAOURTP0LZ	NAO	2.50
1616	2022-01-09 18:35:00	EG12	EGC11ERTJ	EG	0.50
1617	2022-01-09 18:45:00	KO09	KOWM31YIH	KO	2.05
1618	2022-01-09 18:46:00	EG33	EGRHOCN9J	EG	2.00
1619	2022-01-09 18:47:00	EG30	EG9CHJ755	EG	1.50
1620	2022-01-09 18:58:00	EG24	EGSEIMVIH	EG	1.40
1621	2022-01-09 19:11:00	NO04	EGVWPVS7H	EG	3.25
1622	2022-01-09 19:59:00	EG11	EG9CHJ755	EG	0.50
1623	2022-01-09 20:01:00	EG31	NOE1V2ISQ	NO	1.40
1624	2022-01-09 20:13:00	EG27	EGYTJXEPQ	EG	1.40
1625	2022-01-09 20:32:00	AM01	AMHJ7XVG0	AM	2.00
1626	2022-01-09 20:38:00	NAO26	NAOLY8OZCY	NAO	2.50
1627	2022-01-09 20:52:00	NO07	NAO09SKDGI	NAO	3.55
1628	2022-01-09 21:04:00	NO12	EG7UR23GD	EG	3.35
1629	2022-01-09 21:59:00	AM02	AMNT3W5UZ	AM	2.00
1630	2022-01-09 22:06:00	KO05	KOJDP0LVS	KO	1.90
1631	2022-01-09 22:34:00	OO05	OOZSJ49IT	OO	3.50
1632	2022-01-09 22:43:00	AM08	AMXAJI0Y6	AM	2.80
1633	2022-01-09 22:48:00	EG04	EGYTJXEPQ	EG	1.20
1634	2022-01-09 22:54:00	EG01	NORCBPLJD	NO	3.00
1635	2022-01-09 22:54:00	EG37	EGVWPVS7H	EG	1.40
1636	2022-01-09 23:11:00	NAO25	OO3KKV9RF	OO	2.50
1637	2022-01-09 23:51:00	NAO09	EGRHOCN9J	EG	2.50
1638	2022-01-10 00:10:00	MO08	MOV86WZS3	MO	3.15
1639	2022-01-10 00:14:00	EG31	EGYTJXEPQ	EG	1.40
1640	2022-01-10 00:36:00	NAO06	NAOLY8OZCY	NAO	2.50
1641	2022-01-10 01:04:00	MO12	AMH9SDBDW	AM	2.05
1642	2022-01-10 01:10:00	EG37	NOE1V2ISQ	NO	1.40
1643	2022-01-10 01:27:00	NAO12	NAOBMYOFQE	NAO	2.50
1644	2022-01-10 01:37:00	NO02	NO7PTX63C	NO	3.85
1645	2022-01-10 01:39:00	KO10	KOWM31YIH	KO	2.05
1646	2022-01-10 02:08:00	KO07	KONCXLL4Z	KO	1.85
1647	2022-01-10 02:21:00	AM06	AMNT3W5UZ	AM	3.60
1648	2022-01-10 02:33:00	NAO27	NAO5UQPGB7	NAO	2.50
1649	2022-01-10 02:39:00	AM09	OO3KKV9RF	OO	3.10
1650	2022-01-10 02:42:00	EG36	NAONSM43D8	NAO	1.00
1651	2022-01-10 03:04:00	NAO21	NAOHAFEYUH	NAO	2.50
1652	2022-01-10 03:11:00	MO01	NO7PTX63C	NO	1.35
1653	2022-01-10 03:18:00	OO07	OO3KKV9RF	OO	1.90
1654	2022-01-10 03:27:00	EG09	EGIGQPKI7	EG	0.90
1655	2022-01-10 03:42:00	MO05	MOV86WZS3	MO	2.60
1656	2022-01-10 03:43:00	AM07	NAOP0J43D5	NAO	2.80
1657	2022-01-10 03:54:00	KO08	KOWM31YIH	KO	1.85
1658	2022-01-10 04:36:00	AM08	OO1B0Z3NX	OO	2.80
1659	2022-01-10 05:18:00	NAO40	NAONSM43D8	NAO	2.50
1660	2022-01-10 05:24:00	EG12	NAOP0J43D5	NAO	0.50
1661	2022-01-10 05:29:00	AM03	EGC11ERTJ	EG	2.20
1662	2022-01-10 05:45:00	MO05	MOJCKJLTE	MO	2.60
1663	2022-01-10 05:47:00	KO03	NAOURTP0LZ	NAO	2.95
1664	2022-01-10 05:53:00	EG21	AMH9SDBDW	AM	1.60
1665	2022-01-10 05:57:00	AM05	AMH9SDBDW	AM	3.60
1666	2022-01-10 06:02:00	OO06	KOJDP0LVS	KO	3.50
1667	2022-01-10 06:50:00	AM02	AMV3A3ZMF	AM	2.00
1668	2022-01-10 06:57:00	NO01	NORCBPLJD	NO	3.85
1669	2022-01-10 07:08:00	OO05	OO1B0Z3NX	OO	3.50
1670	2022-01-10 07:09:00	NAO15	NAOBMYOFQE	NAO	2.50
1671	2022-01-10 07:39:00	NAO13	NAOHL1N13J	NAO	2.50
1672	2022-01-10 07:42:00	NAO08	NAOHL1N13J	NAO	2.50
1673	2022-01-10 07:47:00	NAO19	EGYTJXEPQ	EG	2.50
1674	2022-01-10 07:58:00	EG33	EG9CHJ755	EG	2.00
1675	2022-01-10 08:06:00	AM04	AMNT3W5UZ	AM	2.20
1676	2022-01-10 08:49:00	AM01	OO7PZE9VI	OO	2.00
1677	2022-01-10 08:57:00	EG16	EGIGQPKI7	EG	1.20
1678	2022-01-10 09:11:00	EG36	EGF1T2TAL	EG	1.00
1679	2022-01-10 09:20:00	NAO09	NAONSM43D8	NAO	2.50
1680	2022-01-10 09:22:00	EG03	EGUT0CVS4	EG	1.20
1681	2022-01-10 09:26:00	EG34	EGUT0CVS4	EG	2.00
1682	2022-01-10 09:30:00	NO01	OOQ0OXFQ8	OO	3.85
1683	2022-01-10 09:41:00	EG19	EGIGQPKI7	EG	1.40
1684	2022-01-10 10:16:00	NO10	NOXFGCAQV	NO	4.20
1685	2022-01-10 10:17:00	NAO33	NAOHL1N13J	NAO	2.50
1686	2022-01-10 10:23:00	NAO21	NAO5UQPGB7	NAO	2.50
1687	2022-01-10 10:24:00	AM03	AMLJH75LX	AM	2.20
1688	2022-01-10 11:27:00	EG02	EGVWPVS7H	EG	3.00
1689	2022-01-10 11:51:00	NAO24	NAO5ZJA8DZ	NAO	2.50
1690	2022-01-10 12:07:00	NO10	NOQLL8OS9	NO	4.20
1691	2022-01-10 12:19:00	EG20	EGIGQPKI7	EG	1.40
1692	2022-01-10 12:58:00	KO09	KONCXLL4Z	KO	2.05
1693	2022-01-10 13:27:00	NO02	EGC11ERTJ	EG	3.85
1694	2022-01-10 13:43:00	NAO09	NOX6GVWRD	NO	2.50
1695	2022-01-10 13:51:00	AM02	AMNT3W5UZ	AM	2.00
1696	2022-01-10 14:06:00	NO14	NORCBPLJD	NO	4.15
1697	2022-01-10 14:27:00	NO11	NOQLL8OS9	NO	3.35
1698	2022-01-10 14:30:00	NAO01	NAOLY8OZCY	NAO	2.50
1699	2022-01-10 14:33:00	EG06	EGVWPVS7H	EG	1.70
1700	2022-01-10 15:05:00	EG22	NAOBMYOFQE	NAO	1.60
1701	2022-01-10 15:12:00	AM05	NAONSM43D8	NAO	3.60
1702	2022-01-10 15:14:00	OO09	OO1B0Z3NX	OO	2.50
1703	2022-01-10 15:15:00	KO01	KONCXLL4Z	KO	3.40
1704	2022-01-10 15:21:00	OO10	OOQ0OXFQ8	OO	2.50
1705	2022-01-10 15:28:00	OO09	OO1B0Z3NX	OO	2.50
1706	2022-01-10 15:41:00	NAO35	NAOBMYOFQE	NAO	2.50
1707	2022-01-10 15:50:00	NO01	NAOVZ41NAM	NAO	3.85
1708	2022-01-10 15:52:00	EG24	EGVWPVS7H	EG	1.40
1709	2022-01-10 16:01:00	EG10	NAO09SKDGI	NAO	0.90
1710	2022-01-10 16:16:00	GE02	AMNT3W5UZ	AM	14.70
1711	2022-01-10 17:01:00	EG28	EGIGQPKI7	EG	1.40
1712	2022-01-10 17:16:00	EG28	EGSEIMVIH	EG	1.40
1713	2022-01-10 17:28:00	NO10	AMV3A3ZMF	AM	4.20
1714	2022-01-10 17:29:00	NAO31	NAO09SKDGI	NAO	2.50
1715	2022-01-10 18:01:00	OO03	OO1B0Z3NX	OO	2.40
1716	2022-01-10 18:20:00	NO07	NAOP0J43D5	NAO	3.55
1717	2022-01-10 19:56:00	EG08	EG7UR23GD	EG	1.80
1718	2022-01-10 20:12:00	KO03	KONCXLL4Z	KO	2.95
1719	2022-01-10 20:31:00	AM06	NAOBMYOFQE	NAO	3.60
1720	2022-01-10 20:38:00	EG05	EGYTJXEPQ	EG	1.70
1721	2022-01-10 21:50:00	AM05	AMH9SDBDW	AM	3.60
1722	2022-01-10 22:20:00	NAO05	NAOLY8OZCY	NAO	2.50
1723	2022-01-10 22:30:00	GE02	EGVWPVS7H	EG	14.70
1724	2022-01-10 22:51:00	KO01	NOXFGCAQV	NO	3.40
1725	2022-01-10 23:18:00	NAO08	AMNT3W5UZ	AM	2.50
1726	2022-01-11 00:24:00	EG36	MOV86WZS3	MO	1.00
1727	2022-01-11 00:54:00	NO04	KOIXA11DP	KO	3.25
1728	2022-01-11 01:03:00	EG15	AMHJ7XVG0	AM	1.20
1729	2022-01-11 01:07:00	MO06	MOJCKJLTE	MO	2.60
1730	2022-01-11 01:25:00	OO02	OO1B0Z3NX	OO	2.30
1731	2022-01-11 01:41:00	EG02	EGIGQPKI7	EG	3.00
1732	2022-01-11 02:02:00	AM06	AMNT3W5UZ	AM	3.60
1733	2022-01-11 02:07:00	NAO29	EGC11ERTJ	EG	2.50
1734	2022-01-11 02:07:00	NAO32	NAOP0J43D5	NAO	2.50
1735	2022-01-11 02:31:00	OO06	KOIXA11DP	KO	3.50
1736	2022-01-11 02:40:00	EG37	EGSEIMVIH	EG	1.40
1737	2022-01-11 03:19:00	EG26	EG9CHJ755	EG	1.80
1738	2022-01-11 03:26:00	KO03	KOJDP0LVS	KO	2.95
1739	2022-01-11 03:40:00	NAO33	NAOURTP0LZ	NAO	2.50
1740	2022-01-11 03:49:00	OO05	OO3KKV9RF	OO	3.50
1741	2022-01-11 03:57:00	GE02	GE5A0L725	GE	14.70
1742	2022-01-11 04:13:00	NAO03	KOJDP0LVS	KO	2.50
1743	2022-01-11 04:13:00	NO03	NORCBPLJD	NO	3.25
1744	2022-01-11 04:18:00	EG36	NOE1V2ISQ	NO	1.00
1745	2022-01-11 04:33:00	EG16	EGYTJXEPQ	EG	1.20
1746	2022-01-11 04:34:00	NO07	AMV3A3ZMF	AM	3.55
1747	2022-01-11 05:18:00	MO05	NAOP0J43D5	NAO	2.60
1748	2022-01-11 06:26:00	NAO25	NAO09SKDGI	NAO	2.50
1749	2022-01-11 06:29:00	NAO10	NAOLY8OZCY	NAO	2.50
1750	2022-01-11 06:38:00	OO01	OOZSJ49IT	OO	2.30
1751	2022-01-11 07:00:00	OO08	AMNT3W5UZ	AM	1.90
1752	2022-01-11 07:04:00	KO09	KOWM31YIH	KO	2.05
1753	2022-01-11 07:10:00	AM05	AMLJH75LX	AM	3.60
1754	2022-01-11 08:13:00	EG29	EG7UR23GD	EG	1.50
1755	2022-01-11 08:19:00	EG26	AMHJ7XVG0	AM	1.80
1756	2022-01-11 09:05:00	KO01	OO3KKV9RF	OO	3.40
1757	2022-01-11 09:25:00	NAO41	NAO09SKDGI	NAO	2.50
1758	2022-01-11 10:04:00	EG37	EGIGQPKI7	EG	1.40
1759	2022-01-11 10:13:00	NAO38	NAO5ZJA8DZ	NAO	2.50
1760	2022-01-11 10:32:00	EG14	AMH9SDBDW	AM	1.20
1761	2022-01-11 10:36:00	EG33	AMHJ7XVG0	AM	2.00
1762	2022-01-11 10:52:00	AM08	EGYTJXEPQ	EG	2.80
1763	2022-01-11 11:03:00	KO03	NAOBMYOFQE	NAO	2.95
1764	2022-01-11 11:44:00	NAO41	NAOHL1N13J	NAO	2.50
1765	2022-01-11 12:46:00	EG32	NAOBMYOFQE	NAO	1.40
1766	2022-01-11 12:48:00	AM02	AMH9SDBDW	AM	2.00
1767	2022-01-11 12:56:00	EG11	OO1B0Z3NX	OO	0.50
1768	2022-01-11 14:06:00	AM01	EGRHOCN9J	EG	2.00
1769	2022-01-11 14:29:00	NO12	NOXFGCAQV	NO	3.35
1770	2022-01-11 14:50:00	EG10	EGVWPVS7H	EG	0.90
1771	2022-01-11 14:57:00	EG11	EG9CHJ755	EG	0.50
1772	2022-01-11 15:00:00	EG16	EGYTJXEPQ	EG	1.20
1773	2022-01-11 15:15:00	EG10	EGYTJXEPQ	EG	0.90
1774	2022-01-11 15:15:00	NAO07	NAO5ZJA8DZ	NAO	2.50
1775	2022-01-11 15:25:00	NAO14	NAO5ZJA8DZ	NAO	2.50
1776	2022-01-11 15:42:00	NAO26	KOJDP0LVS	KO	2.50
1777	2022-01-11 16:22:00	NAO11	NAO09SKDGI	NAO	2.50
1778	2022-01-11 17:30:00	OO10	AMHJ7XVG0	AM	2.50
1779	2022-01-11 17:42:00	NAO40	NAOP0J43D5	NAO	2.50
1780	2022-01-11 18:19:00	NO11	NOXFGCAQV	NO	3.35
1781	2022-01-11 18:27:00	AM02	AMXAJI0Y6	AM	2.00
1782	2022-01-11 18:36:00	EG24	EGIGQPKI7	EG	1.40
1783	2022-01-11 19:30:00	KO09	KOJDP0LVS	KO	2.05
1784	2022-01-11 19:49:00	NO05	NO7PTX63C	NO	3.25
1785	2022-01-11 19:52:00	OO08	OO3KKV9RF	OO	1.90
1786	2022-01-11 20:04:00	NAO03	KOIXA11DP	KO	2.50
1787	2022-01-11 21:19:00	EG31	EGC11ERTJ	EG	1.40
1788	2022-01-11 21:30:00	EG37	EGUT0CVS4	EG	1.40
1789	2022-01-11 21:36:00	NAO05	NAOP0J43D5	NAO	2.50
1790	2022-01-11 21:44:00	EG18	EGC11ERTJ	EG	2.10
1791	2022-01-11 21:54:00	NAO18	EGF1T2TAL	EG	2.50
1792	2022-01-11 21:59:00	NAO03	NAOLY8OZCY	NAO	2.50
1793	2022-01-11 22:05:00	EG10	EG9CHJ755	EG	0.90
1794	2022-01-11 22:07:00	KO02	EGIGQPKI7	EG	3.40
1795	2022-01-11 22:21:00	NO09	EGRHOCN9J	EG	4.20
1796	2022-01-11 22:48:00	EG15	EGF1T2TAL	EG	1.20
1797	2022-01-11 23:15:00	EG30	EG7UR23GD	EG	1.50
1798	2022-01-11 23:18:00	AM02	AMLJH75LX	AM	2.00
1799	2022-01-11 23:25:00	NO07	NOE1V2ISQ	NO	3.55
1800	2022-01-12 00:06:00	OO02	NAOP0J43D5	NAO	2.30
1801	2022-01-12 00:40:00	KO05	KOWKTAKPU	KO	1.90
1802	2022-01-12 02:06:00	KO07	KOIXA11DP	KO	1.85
1803	2022-01-12 02:07:00	AM05	AMH9SDBDW	AM	3.60
1804	2022-01-12 02:24:00	NAO11	NAOLY8OZCY	NAO	2.50
1805	2022-01-12 02:37:00	EG05	EGC11ERTJ	EG	1.70
1806	2022-01-12 02:43:00	NAO23	NAONSM43D8	NAO	2.50
1807	2022-01-12 03:04:00	NAO24	NORCBPLJD	NO	2.50
1808	2022-01-12 03:20:00	KO03	KOWKTAKPU	KO	2.95
1809	2022-01-12 03:43:00	AM05	AMHJ7XVG0	AM	3.60
1810	2022-01-12 03:43:00	NAO07	NAOVZ41NAM	NAO	2.50
1811	2022-01-12 04:32:00	NO01	NOE1V2ISQ	NO	3.85
1812	2022-01-12 05:09:00	NO02	NOXFGCAQV	NO	3.85
1813	2022-01-12 05:43:00	AM03	MOJCKJLTE	MO	2.20
1814	2022-01-12 05:55:00	NO05	NORCBPLJD	NO	3.25
1815	2022-01-12 06:27:00	AM02	AMH9SDBDW	AM	2.00
1816	2022-01-12 06:54:00	NAO29	OO3KKV9RF	OO	2.50
1817	2022-01-12 07:01:00	AM01	AMNT3W5UZ	AM	2.00
1818	2022-01-12 07:44:00	NAO16	EGIGQPKI7	EG	2.50
1819	2022-01-12 08:38:00	KO09	KONCXLL4Z	KO	2.05
1820	2022-01-12 09:13:00	EG20	EGSEIMVIH	EG	1.40
1821	2022-01-12 10:08:00	NO14	EG9CHJ755	EG	4.15
1822	2022-01-12 10:16:00	KO09	KOWM31YIH	KO	2.05
1823	2022-01-12 10:20:00	NAO26	OO3KKV9RF	OO	2.50
1824	2022-01-12 10:39:00	AM04	AMH9SDBDW	AM	2.20
1825	2022-01-12 10:46:00	NO01	NO7PTX63C	NO	3.85
1826	2022-01-12 11:13:00	EG19	EGYTJXEPQ	EG	1.40
1827	2022-01-12 11:34:00	OO10	OO1B0Z3NX	OO	2.50
1828	2022-01-12 11:46:00	EG35	EGRHOCN9J	EG	1.00
1829	2022-01-12 12:10:00	OO01	OO7PZE9VI	OO	2.30
1830	2022-01-12 12:16:00	KO03	AMNT3W5UZ	AM	2.95
1831	2022-01-12 12:28:00	AM10	GEX7EEDTJ	GE	3.10
1832	2022-01-12 12:38:00	OO05	EG9CHJ755	EG	3.50
1833	2022-01-12 12:50:00	OO01	OOZSJ49IT	OO	2.30
1834	2022-01-12 13:04:00	EG21	EGSEIMVIH	EG	1.60
1835	2022-01-12 13:26:00	AM02	AMXAJI0Y6	AM	2.00
1836	2022-01-12 14:08:00	KO03	KONCXLL4Z	KO	2.95
1837	2022-01-12 14:08:00	KO08	KOWM31YIH	KO	1.85
1838	2022-01-12 14:16:00	NAO09	NAOP0J43D5	NAO	2.50
1839	2022-01-12 14:26:00	NO09	NOE1V2ISQ	NO	4.20
1840	2022-01-12 14:50:00	EG26	EG7UR23GD	EG	1.80
1841	2022-01-12 15:03:00	NO09	NORCBPLJD	NO	4.20
1842	2022-01-12 15:05:00	EG17	KOWM31YIH	KO	2.10
1843	2022-01-12 15:48:00	KO05	OO7PZE9VI	OO	1.90
1844	2022-01-12 16:37:00	OO02	OO3KKV9RF	OO	2.30
1845	2022-01-12 16:53:00	NAO10	AMV3A3ZMF	AM	2.50
1846	2022-01-12 17:20:00	NAO20	EG7UR23GD	EG	2.50
1847	2022-01-12 18:18:00	NAO01	NAONSM43D8	NAO	2.50
1848	2022-01-12 18:20:00	NO09	NORCBPLJD	NO	4.20
1849	2022-01-12 20:18:00	NAO30	NAONSM43D8	NAO	2.50
1850	2022-01-12 20:45:00	KO10	KONCXLL4Z	KO	2.05
1851	2022-01-12 20:51:00	EG14	KOWKTAKPU	KO	1.20
1852	2022-01-12 21:03:00	AM02	AMHJ7XVG0	AM	2.00
1853	2022-01-12 21:07:00	NAO26	NAOHAFEYUH	NAO	2.50
1854	2022-01-12 21:21:00	OO09	EGVWPVS7H	EG	2.50
1855	2022-01-12 21:36:00	EG07	AMH9SDBDW	AM	1.80
1856	2022-01-12 21:47:00	MO08	MOJCKJLTE	MO	3.15
1857	2022-01-12 22:08:00	EG19	EG9CHJ755	EG	1.40
1858	2022-01-12 22:44:00	NO04	NOX6GVWRD	NO	3.25
1859	2022-01-12 22:58:00	AM05	AMXAJI0Y6	AM	3.60
1860	2022-01-12 23:15:00	MO05	NAOLY8OZCY	NAO	2.60
1861	2022-01-12 23:24:00	KO06	NORCBPLJD	NO	1.90
1862	2022-01-12 23:43:00	KO09	KOIXA11DP	KO	2.05
1863	2022-01-12 23:50:00	EG12	EGF1T2TAL	EG	0.50
1864	2022-01-13 00:17:00	NO05	EGYTJXEPQ	EG	3.25
1865	2022-01-13 00:20:00	NAO33	NAOURTP0LZ	NAO	2.50
1866	2022-01-13 00:43:00	OO09	KOWM31YIH	KO	2.50
1867	2022-01-13 01:01:00	OO02	NAO09SKDGI	NAO	2.30
1868	2022-01-13 01:44:00	OO01	OOZSJ49IT	OO	2.30
1869	2022-01-13 01:49:00	EG32	EGC11ERTJ	EG	1.40
1870	2022-01-13 01:54:00	AM04	AMLJH75LX	AM	2.20
1871	2022-01-13 02:15:00	NAO11	EGSEIMVIH	EG	2.50
1872	2022-01-13 02:32:00	NAO30	EGVWPVS7H	EG	2.50
1873	2022-01-13 02:37:00	NO05	NOQLL8OS9	NO	3.25
1874	2022-01-13 03:25:00	AM04	EGVWPVS7H	EG	2.20
1875	2022-01-13 03:32:00	NAO38	NAO5ZJA8DZ	NAO	2.50
1876	2022-01-13 03:52:00	NO05	NAOURTP0LZ	NAO	3.25
1877	2022-01-13 04:26:00	EG26	EGYTJXEPQ	EG	1.80
1878	2022-01-13 04:33:00	AM01	NAOLY8OZCY	NAO	2.00
1879	2022-01-13 04:39:00	NO10	NO7PTX63C	NO	4.20
1880	2022-01-13 04:56:00	KO07	EGC11ERTJ	EG	1.85
1881	2022-01-13 05:32:00	NAO09	KOJDP0LVS	KO	2.50
1882	2022-01-13 06:26:00	NAO26	EGF1T2TAL	EG	2.50
1883	2022-01-13 06:28:00	KO09	KOJDP0LVS	KO	2.05
1884	2022-01-13 06:36:00	NO04	MOV86WZS3	MO	3.25
1885	2022-01-13 07:31:00	OO06	EG9CHJ755	EG	3.50
1886	2022-01-13 07:31:00	OO06	OO1B0Z3NX	OO	3.50
1887	2022-01-13 07:35:00	NAO07	AMNT3W5UZ	AM	2.50
1888	2022-01-13 07:42:00	EG33	EGVWPVS7H	EG	2.00
1889	2022-01-13 07:45:00	EG07	EG7UR23GD	EG	1.80
1890	2022-01-13 08:35:00	OO10	EGSEIMVIH	EG	2.50
1891	2022-01-13 08:49:00	NAO39	NAOURTP0LZ	NAO	2.50
1892	2022-01-13 10:58:00	AM06	AMHJ7XVG0	AM	3.60
1893	2022-01-13 11:00:00	OO07	OO3KKV9RF	OO	1.90
1894	2022-01-13 11:06:00	NO07	NO7PTX63C	NO	3.55
1895	2022-01-13 12:09:00	OO01	OO3KKV9RF	OO	2.30
1896	2022-01-13 12:13:00	EG20	EGIGQPKI7	EG	1.40
1897	2022-01-13 12:18:00	OO03	EGUT0CVS4	EG	2.40
1898	2022-01-13 12:27:00	EG15	NOXFGCAQV	NO	1.20
1899	2022-01-13 12:32:00	EG07	EGVWPVS7H	EG	1.80
1900	2022-01-13 12:53:00	OO08	OO1B0Z3NX	OO	1.90
1901	2022-01-13 13:04:00	NO10	OOQ0OXFQ8	OO	4.20
1902	2022-01-13 13:48:00	KO02	EGYTJXEPQ	EG	3.40
1903	2022-01-13 14:31:00	OO08	EGIGQPKI7	EG	1.90
1904	2022-01-13 14:35:00	NAO15	NAO09SKDGI	NAO	2.50
1905	2022-01-13 14:46:00	NAO15	NOE1V2ISQ	NO	2.50
1906	2022-01-13 16:24:00	OO10	OOQ0OXFQ8	OO	2.50
1907	2022-01-13 16:31:00	EG34	EGUT0CVS4	EG	2.00
1908	2022-01-13 16:57:00	EG06	EGC11ERTJ	EG	1.70
1909	2022-01-13 17:28:00	AM02	NAOBMYOFQE	NAO	2.00
1910	2022-01-13 18:06:00	NAO31	GEL6246HI	GE	2.50
1911	2022-01-13 18:07:00	KO02	KOIXA11DP	KO	3.40
1912	2022-01-13 18:18:00	NO11	NOXFGCAQV	NO	3.35
1913	2022-01-13 18:27:00	EG05	EGIGQPKI7	EG	1.70
1914	2022-01-13 18:28:00	AM07	AMV3A3ZMF	AM	2.80
1915	2022-01-13 18:35:00	NO14	NOE1V2ISQ	NO	4.15
1916	2022-01-13 18:57:00	AM08	EG9CHJ755	EG	2.80
1917	2022-01-13 19:16:00	EG33	EGRHOCN9J	EG	2.00
1918	2022-01-13 19:24:00	NAO32	NAOLY8OZCY	NAO	2.50
1919	2022-01-13 19:26:00	EG36	EGC11ERTJ	EG	1.00
1920	2022-01-13 20:44:00	EG36	MOJCKJLTE	MO	1.00
1921	2022-01-13 21:01:00	NO12	AMXAJI0Y6	AM	3.35
1922	2022-01-13 21:05:00	EG08	EGVWPVS7H	EG	1.80
1923	2022-01-13 21:14:00	AM06	AMLJH75LX	AM	3.60
1924	2022-01-13 21:21:00	KO01	KONCXLL4Z	KO	3.40
1925	2022-01-13 22:04:00	NAO23	NAO09SKDGI	NAO	2.50
1926	2022-01-13 22:46:00	MO10	EG7UR23GD	EG	2.70
1927	2022-01-13 23:05:00	EG15	EGUT0CVS4	EG	1.20
1928	2022-01-13 23:26:00	OO04	OO3KKV9RF	OO	2.40
1929	2022-01-13 23:44:00	KO04	KOIXA11DP	KO	2.95
1930	2022-01-13 23:57:00	NO07	OOQ0OXFQ8	OO	3.55
1931	2022-01-14 00:05:00	AM05	NAOURTP0LZ	NAO	3.60
1932	2022-01-14 00:11:00	NO02	NORCBPLJD	NO	3.85
1933	2022-01-14 00:16:00	EG32	EGF1T2TAL	EG	1.40
1934	2022-01-14 00:34:00	AM05	AMXAJI0Y6	AM	3.60
1935	2022-01-14 00:34:00	NO11	NAOBMYOFQE	NAO	3.35
1936	2022-01-14 00:37:00	KO10	KONCXLL4Z	KO	2.05
1937	2022-01-14 00:45:00	NAO07	NAO09SKDGI	NAO	2.50
1938	2022-01-14 01:02:00	NAO32	NAOHL1N13J	NAO	2.50
1939	2022-01-14 01:10:00	NAO15	NAOLY8OZCY	NAO	2.50
1940	2022-01-14 01:21:00	OO03	KOWM31YIH	KO	2.40
1941	2022-01-14 01:44:00	EG13	KONCXLL4Z	KO	1.20
1942	2022-01-14 01:51:00	NAO39	NAOLY8OZCY	NAO	2.50
1943	2022-01-14 02:09:00	KO02	KOWM31YIH	KO	3.40
1944	2022-01-14 02:38:00	EG36	OO1B0Z3NX	OO	1.00
1945	2022-01-14 02:41:00	AM06	AMHJ7XVG0	AM	3.60
1946	2022-01-14 03:28:00	KO04	NOE1V2ISQ	NO	2.95
1947	2022-01-14 03:49:00	MO03	MOJCKJLTE	MO	2.10
1948	2022-01-14 04:20:00	EG18	NAOBMYOFQE	NAO	2.10
1949	2022-01-14 04:22:00	NAO18	NAOBMYOFQE	NAO	2.50
1950	2022-01-14 04:25:00	EG37	KOJDP0LVS	KO	1.40
1951	2022-01-14 04:42:00	NO11	NOXFGCAQV	NO	3.35
1952	2022-01-14 05:45:00	EG12	EGRHOCN9J	EG	0.50
1953	2022-01-14 05:49:00	NAO41	EGUT0CVS4	EG	2.50
1954	2022-01-14 06:23:00	MO03	MOV86WZS3	MO	2.10
1955	2022-01-14 06:49:00	NAO22	NAOLY8OZCY	NAO	2.50
1956	2022-01-14 07:26:00	EG38	AMLJH75LX	AM	1.40
1957	2022-01-14 08:12:00	KO10	OO1B0Z3NX	OO	2.05
1958	2022-01-14 08:14:00	NAO32	NAO09SKDGI	NAO	2.50
1959	2022-01-14 08:23:00	EG05	EGIGQPKI7	EG	1.70
1960	2022-01-14 08:28:00	NO12	NOX6GVWRD	NO	3.35
1961	2022-01-14 09:10:00	EG08	AMXAJI0Y6	AM	1.80
1962	2022-01-14 09:10:00	OO08	OOZSJ49IT	OO	1.90
1963	2022-01-14 09:21:00	AM09	NAOVZ41NAM	NAO	3.10
1964	2022-01-14 09:30:00	NAO12	NAOURTP0LZ	NAO	2.50
1965	2022-01-14 09:36:00	MO04	MOJCKJLTE	MO	2.10
1966	2022-01-14 10:11:00	EG06	NO7PTX63C	NO	1.70
1967	2022-01-14 10:54:00	EG38	EGUT0CVS4	EG	1.40
1968	2022-01-14 11:09:00	KO09	NAO5ZJA8DZ	NAO	2.05
1969	2022-01-14 11:15:00	NAO12	NAO5UQPGB7	NAO	2.50
1970	2022-01-14 12:19:00	NAO36	AMHJ7XVG0	AM	2.50
1971	2022-01-14 12:39:00	AM07	AMV3A3ZMF	AM	2.80
1972	2022-01-14 13:03:00	NAO34	NAOURTP0LZ	NAO	2.50
1973	2022-01-14 13:06:00	AM05	KONCXLL4Z	KO	3.60
1974	2022-01-14 13:12:00	OO03	OO3KKV9RF	OO	2.40
1975	2022-01-14 13:31:00	KO01	KOIXA11DP	KO	3.40
1976	2022-01-14 14:08:00	NAO22	NAOHL1N13J	NAO	2.50
1977	2022-01-14 14:44:00	GE01	GEJA1WJ0T	GE	14.70
1978	2022-01-14 15:02:00	AM10	AMXAJI0Y6	AM	3.10
1979	2022-01-14 15:04:00	OO06	OOQ0OXFQ8	OO	3.50
1980	2022-01-14 15:12:00	NAO36	AMLJH75LX	AM	2.50
1981	2022-01-14 15:22:00	NO12	NOXFGCAQV	NO	3.35
1982	2022-01-14 16:26:00	GE02	NOXFGCAQV	NO	14.70
1983	2022-01-14 17:38:00	EG22	NAO5UQPGB7	NAO	1.60
1984	2022-01-14 17:40:00	AM07	AMLJH75LX	AM	2.80
1985	2022-01-14 17:48:00	NAO09	NAO09SKDGI	NAO	2.50
1986	2022-01-14 18:03:00	OO03	OOZSJ49IT	OO	2.40
1987	2022-01-14 18:07:00	EG16	NAO09SKDGI	NAO	1.20
1988	2022-01-14 18:10:00	EG14	NAOHAFEYUH	NAO	1.20
1989	2022-01-14 18:14:00	AM08	NOE1V2ISQ	NO	2.80
1990	2022-01-14 18:45:00	KO05	KOWKTAKPU	KO	1.90
1991	2022-01-14 18:46:00	NAO38	NOE1V2ISQ	NO	2.50
1992	2022-01-14 20:12:00	NO01	EGRHOCN9J	EG	3.85
1993	2022-01-14 20:17:00	EG24	EGSEIMVIH	EG	1.40
1994	2022-01-14 21:00:00	EG29	EGYTJXEPQ	EG	1.50
1995	2022-01-14 21:11:00	KO04	NAOURTP0LZ	NAO	2.95
1996	2022-01-14 21:17:00	NAO14	EG7UR23GD	EG	2.50
1997	2022-01-14 21:32:00	GE01	GEJA1WJ0T	GE	14.70
1998	2022-01-14 21:37:00	NAO08	NAOURTP0LZ	NAO	2.50
1999	2022-01-14 21:43:00	KO10	KOWKTAKPU	KO	2.05
2000	2022-01-14 22:18:00	NO03	NOE1V2ISQ	NO	3.25
2001	2022-01-14 22:19:00	AM02	NO7PTX63C	NO	2.00
2002	2022-01-14 22:59:00	EG33	EGYTJXEPQ	EG	2.00
2003	2022-01-14 23:28:00	NAO32	NAO5UQPGB7	NAO	2.50
2004	2022-01-14 23:36:00	NAO15	KOWKTAKPU	KO	2.50
2005	2022-01-14 23:59:00	NAO03	EGF1T2TAL	EG	2.50
\.


--
-- Data for Name: tollstations; Type: TABLE DATA; Schema: public; Owner: yassin
--

COPY public.tollstations (tollid, operatorid, name, pm, locality, road, lat, long, email) FROM stdin;
AM01	AM	    ( )		-	/ -	40.519740	22.572470	customercare@aegeanmotorway.gr
AM02	AM	    ( )		-	/ -	40.519430	22.572900	customercare@aegeanmotorway.gr
AM03	AM	    ( )		-	/ -	39.804610	22.502520	customercare@aegeanmotorway.gr
AM04	AM	    ( )		-	/ -	39.804270	22.502700	customercare@aegeanmotorway.gr
AM05	AM	    ( )		-	/ -	39.522940	22.556700	customercare@aegeanmotorway.gr
AM06	AM	    ( )		-	/ -	39.522920	22.557050	customercare@aegeanmotorway.gr
AM07	AM	    ( )		-	/ -	40.035810	22.569730	customercare@aegeanmotorway.gr
AM08	AM	    ( )		-	/ -	40.035650	22.569990	customercare@aegeanmotorway.gr
AM09	AM	    ( )		-	/ -	38.920510	22.846370	customercare@aegeanmotorway.gr
AM10	AM	    ( )		-	/ -	38.920150	22.846330	customercare@aegeanmotorway.gr
AM11	AM	    ( )		-	/ -	39.743480	22.475950	customercare@aegeanmotorway.gr
AM12	AM	    ( )		-	/ -	39.744990	22.475290	customercare@aegeanmotorway.gr
AM13	AM	    ( )		-	/ -	39.829320	22.511440	customercare@aegeanmotorway.gr
AM14	AM	    ( )		-	/ -	39.829320	22.513590	customercare@aegeanmotorway.gr
AM15	AM	    ( )		-	/ -	39.494500	22.626190	customercare@aegeanmotorway.gr
AM16	AM	    ( )		-	/ -	39.493320	22.618910	customercare@aegeanmotorway.gr
AM17	AM	    ( )		-	/ -	39.796800	22.499040	customercare@aegeanmotorway.gr
AM18	AM	     ( )		- 	/ -	39.442270	22.689310	customercare@aegeanmotorway.gr
AM19	AM	     ( )		- 	/ -	39.441170	22.686520	customercare@aegeanmotorway.gr
AM20	AM	    ( )		-	/ -	39.909260	22.624380	customercare@aegeanmotorway.gr
AM21	AM	    ( )		-	/ -	39.908940	22.624380	customercare@aegeanmotorway.gr
AM22	AM	    ( )		-	/ -	39.388550	22.768170	customercare@aegeanmotorway.gr
AM23	AM	    ( )		-	/ -	39.389000	22.764460	customercare@aegeanmotorway.gr
AM24	AM	    ( )		-	/ -	39.390750	22.764920	customercare@aegeanmotorway.gr
AM25	AM	    ( )		-	/ -	40.044980	22.564060	customercare@aegeanmotorway.gr
AM26	AM	    ( )		-	/ -	40.045030	22.565370	customercare@aegeanmotorway.gr
AM27	AM	    ( )		-	/ -	39.981730	22.625210	customercare@aegeanmotorway.gr
AM28	AM	    ( )		-	/ -	39.981730	22.624880	customercare@aegeanmotorway.gr
AM29	AM	    ( )		-	/ -	38.949410	22.875660	customercare@aegeanmotorway.gr
AM30	AM	    ( )		-	/ -	38.947990	22.876580	customercare@aegeanmotorway.gr
EG01	EG	     ( )		-	-	38.940080	20.765980	eoae@egnatia.gr
EG02	EG	     ( )		-	-	38.940000	20.766340	eoae@egnatia.gr
EG03	EG	    ( )		-	 	40.944660	26.205250	eoae@egnatia.gr
EG04	EG	    ( )		-	 	40.944480	26.205090	eoae@egnatia.gr
EG05	EG	    ( /)		-	 	41.013490	25.533270	eoae@egnatia.gr
EG06	EG	    ( )		-	 	41.013470	25.533490	eoae@egnatia.gr
EG07	EG	    ( /)		-	 	40.706850	23.191310	eoae@egnatia.gr
EG08	EG	    ( )		-	 	40.706870	23.191660	eoae@egnatia.gr
EG09	EG	    ( )		-	 	40.726260	23.693690	eoae@egnatia.gr
EG10	EG	    ( )		-	 	40.726510	23.693700	eoae@egnatia.gr
EG11	EG	    ( )		-	 	40.696050	22.895610	eoae@egnatia.gr
EG12	EG	    ( )		-	 	40.696210	22.896020	eoae@egnatia.gr
EG13	EG	    ( )		-	/ -	40.602570	22.698250	eoae@egnatia.gr
EG14	EG	    ( )		-	/ -	40.602220	22.698280	eoae@egnatia.gr
EG15	EG	    ( /)		-	 	39.618610	20.947870	eoae@egnatia.gr
EG16	EG	    ( )		-	 	39.618870	20.947980	eoae@egnatia.gr
EG17	EG	    ( /)		-	 	39.540180	20.674240	eoae@egnatia.gr
EG18	EG	    ( )		-	 	39.540180	20.674460	eoae@egnatia.gr
EG19	EG	    ( /)		- 	 	40.959700	24.472310	eoae@egnatia.gr
EG20	EG	    ( )		- 	 	40.959960	24.472520	eoae@egnatia.gr
EG21	EG	    ( /)		-	 	40.858100	24.162270	eoae@egnatia.gr
EG22	EG	    ( )		-	 	40.858280	24.162360	eoae@egnatia.gr
EG23	EG	    ( )		-	/ -	40.574500	21.061550	eoae@egnatia.gr
EG24	EG	    ( )		-	/ -	40.574630	21.061360	eoae@egnatia.gr
EG25	EG	    ( )		-	/ 	41.108730	22.558400	eoae@egnatia.gr
EG26	EG	    ( )		-	/ 	41.108650	22.558720	eoae@egnatia.gr
EG27	EG	    ( /)		-	 	40.367190	22.060110	eoae@egnatia.gr
EG28	EG	    ( )		-	 	40.367240	22.060380	eoae@egnatia.gr
EG29	EG	    ( /)		-	 	40.256400	21.632940	eoae@egnatia.gr
EG30	EG	    ( )		-	 	40.256630	21.632960	eoae@egnatia.gr
EG31	EG	    ( /)		-	 	41.120350	25.080130	eoae@egnatia.gr
EG32	EG	    ( )		-	 	41.120480	25.080190	eoae@egnatia.gr
EG33	EG	    ( )		-	/ -	41.364100	23.356850	eoae@egnatia.gr
EG34	EG	    ( )		-	/ -	41.364280	23.356730	eoae@egnatia.gr
EG35	EG	    ( )		-	/ -	41.043770	23.295060	eoae@egnatia.gr
EG36	EG	    ( )		-	/ -	41.043620	23.295040	eoae@egnatia.gr
EG37	EG	    ( /)		-	 	39.789440	21.266810	eoae@egnatia.gr
EG38	EG	    ( )		-	 	39.789790	21.266260	eoae@egnatia.gr
EG39	EG	    ( /)		-	 	40.961760	25.643390	eoae@egnatia.gr
EG40	EG	    ( /)		-	 	40.961220	25.642780	eoae@egnatia.gr
EG41	EG	    ( /)		-	 	40.701330	23.371060	eoae@egnatia.gr
EG42	EG	    ( /)		-	 	40.700030	23.370420	eoae@egnatia.gr
EG43	EG	    (  )		-	 	40.740360	23.011340	eoae@egnatia.gr
EG44	EG	    (  )		-	 	40.740410	23.009210	eoae@egnatia.gr
EG45	EG	    (  )		-	 	40.737080	23.008860	eoae@egnatia.gr
EG46	EG	    ( )		- 	 	40.709630	23.682330	eoae@egnatia.gr
EG47	EG	    ( )		- 	 	40.709690	23.680070	eoae@egnatia.gr
EG48	EG	    ( /)		-	 	40.685070	23.257280	eoae@egnatia.gr
EG49	EG	    ( /)		-	 	40.682980	23.260140	eoae@egnatia.gr
EG50	EG	     ( /)		- 	 	40.873010	24.296320	eoae@egnatia.gr
EG51	EG	     ( /)		- 	 	40.874250	24.298860	eoae@egnatia.gr
EG52	EG	     ( )		- 	 	40.954750	24.464900	eoae@egnatia.gr
EG53	EG	     ( )		- 	 	40.956140	24.463350	eoae@egnatia.gr
EG54	EG	    ( /)		-	 	40.886560	24.234660	eoae@egnatia.gr
EG55	EG	    ( /)		-	 	40.884050	24.235950	eoae@egnatia.gr
EG56	EG	    ( )		-	 	40.838280	24.114870	eoae@egnatia.gr
EG57	EG	    ( )		-	 	40.841420	24.116600	eoae@egnatia.gr
EG58	EG	     ( )		-	 	40.782730	23.957420	eoae@egnatia.gr
EG59	EG	     ( )		-	 	40.787380	23.955910	eoae@egnatia.gr
EG60	EG	    ( )		-	/ 	40.989130	22.603770	eoae@egnatia.gr
EG61	EG	    ( )		-	/ 	40.989020	22.604920	eoae@egnatia.gr
EG62	EG	    ( /)		-	 	40.297800	21.680650	eoae@egnatia.gr
EG63	EG	    ( /)		-	 	40.301860	21.690360	eoae@egnatia.gr
EG64	EG	     ( )		-	 	40.236220	21.579880	eoae@egnatia.gr
EG65	EG	     ( )		-	 	40.236970	21.579840	eoae@egnatia.gr
EG66	EG	    (   )		-	 	41.096220	24.946600	eoae@egnatia.gr
EG67	EG	    (    )		-	 	41.095180	24.944670	eoae@egnatia.gr
EG68	EG	    (   )		-	 	41.094630	24.937140	eoae@egnatia.gr
EG69	EG	    (    )		-	 	41.098200	24.944940	eoae@egnatia.gr
EG70	EG	    ( /)		-	 	41.117140	25.184430	eoae@egnatia.gr
EG71	EG	    ( /)		-	 	41.115620	25.184460	eoae@egnatia.gr
EG72	EG	  ..   ( )		-	 	41.059600	25.475390	eoae@egnatia.gr
EG73	EG	  ..   ( )		-	 	41.061490	25.476610	eoae@egnatia.gr
EG74	EG	   		-	 	39.785780	21.294820	eoae@egnatia.gr
GE01	GE	      ( )		-	/ -	38.333830	21.766040	info@gefyra.gr
GE02	GE	      ( )		-	/ -	38.333810	21.765810	info@gefyra.gr
KO01	KO	    ( )		-	/ -	39.257170	22.082990	customercare@kentrikiodos.gr
KO02	KO	    ( )		-	/ -	39.256910	22.083200	customercare@kentrikiodos.gr
KO03	KO	    ( )		-	/ -	39.520400	21.832120	customercare@kentrikiodos.gr
KO04	KO	    ( )		-	/ -	39.520220	21.832490	customercare@kentrikiodos.gr
KO05	KO	     ( )		- 	/ -	38.808350	22.602560	customercare@kentrikiodos.gr
KO06	KO	     ( )		- 	/ -	38.808690	22.602700	customercare@kentrikiodos.gr
KO07	KO	    ( )		-	 	38.915170	22.348730	customercare@kentrikiodos.gr
KO08	KO	    ( )		-	 	38.914950	22.349060	customercare@kentrikiodos.gr
KO09	KO	    ( )		-	/ -	38.904190	22.527940	customercare@kentrikiodos.gr
KO10	KO	    ( )		-	/ -	38.904030	22.527540	customercare@kentrikiodos.gr
KO11	KO	    ( )		-	/ -	39.210480	22.069250	customercare@kentrikiodos.gr
KO12	KO	    ( )		-	/ -	39.210250	22.069050	customercare@kentrikiodos.gr
KO13	KO	    ( )		-	/ -	39.474800	21.903100	customercare@kentrikiodos.gr
KO14	KO	    ( )		-	/ -	39.474600	21.903240	customercare@kentrikiodos.gr
KO15	KO	    ( )		-	 	39.700280	21.608580	customercare@kentrikiodos.gr
KO16	KO	    ( )		-	 	39.699750	21.610800	customercare@kentrikiodos.gr
KO17	KO	    ( )		-	 	39.569010	21.818290	customercare@kentrikiodos.gr
KO18	KO	    ( )		-	 	39.568790	21.818110	customercare@kentrikiodos.gr
KO19	KO	     ( /)		- 	/ -	38.903770	22.570630	customercare@kentrikiodos.gr
KO20	KO	     ( /)		- 	/ -	38.903050	22.569070	customercare@kentrikiodos.gr
KO21	KO	    ( )		-	/ -	38.799290	22.509260	customercare@kentrikiodos.gr
KO22	KO	    ( )		-	/ -	38.799590	22.511180	customercare@kentrikiodos.gr
KO23	KO	    ( )		-	/ -	38.802670	22.649380	customercare@kentrikiodos.gr
KO24	KO	    ( )		-	/ -	38.802900	22.649520	customercare@kentrikiodos.gr
KO25	KO	    ( )		-	/ -	38.913630	22.659000	customercare@kentrikiodos.gr
KO26	KO	    ( )		-	/ -	38.913570	22.657740	customercare@kentrikiodos.gr
MO01	MO	    ( )		-	/ 	37.345160	22.110370	info@moreas.com.gr
MO02	MO	    ( )		-	/ 	37.344830	22.110300	info@moreas.com.gr
MO03	MO	     ( )		-	/ 	37.412490	22.307640	info@moreas.com.gr
MO04	MO	     ( )		-	/ 	37.412200	22.307760	info@moreas.com.gr
MO05	MO	    ( )		-	/ 	37.600850	22.446460	info@moreas.com.gr
MO06	MO	    ( )		-	/ 	37.600570	22.446550	info@moreas.com.gr
MO07	MO	    ( -)		-	/ 	37.298640	22.210320	info@moreas.com.gr
MO08	MO	    ( )		-	/ 	37.298840	22.210090	info@moreas.com.gr
MO09	MO	    ( )		-	/ 	37.835990	22.807970	info@moreas.com.gr
MO10	MO	    ( )		-	/ 	37.835650	22.808080	info@moreas.com.gr
MO11	MO	    ( )		-	/ 	37.136940	22.037790	info@moreas.com.gr
MO12	MO	    ( )		-	/ 	37.136750	22.038100	info@moreas.com.gr
MO13	MO	    ( )		-	/ 	37.152460	22.026100	info@moreas.com.gr
MO14	MO	    ( )		-	/ 	37.153490	22.025650	info@moreas.com.gr
MO15	MO	    ( )		-	/ 	37.071920	22.048080	info@moreas.com.gr
MO16	MO	    ( )		-	/ 	37.071620	22.047310	info@moreas.com.gr
MO17	MO	    ( )		-	/ 	37.330670	22.078450	info@moreas.com.gr
MO18	MO	    ( )		-	/ 	37.331790	22.077780	info@moreas.com.gr
NAO01	NAO	     ( )		- 	. 	38.008120	23.836680	customercare@attikesdiadromes.gr
NAO02	NAO	     ( )		- 	. 	38.009100	23.842110	customercare@attikesdiadromes.gr
NAO03	NAO	    ( )		- 	. 	37.999580	23.821200	customercare@attikesdiadromes.gr
NAO04	NAO	    ( )		-	 	38.016880	23.866060	customercare@attikesdiadromes.gr
NAO05	NAO	     ( )		- 	 	38.075650	23.676350	customercare@attikesdiadromes.gr
NAO06	NAO	     ( )		- 	 	38.080090	23.678560	customercare@attikesdiadromes.gr
NAO07	NAO	    ( )		-	 	38.089190	23.622200	customercare@attikesdiadromes.gr
NAO08	NAO	    ( )		-	 	38.090400	23.619940	customercare@attikesdiadromes.gr
NAO09	NAO	  .    ( )		-	 	38.024010	23.834730	customercare@attikesdiadromes.gr
NAO10	NAO	  .    ( )		-	 	38.025170	23.833930	customercare@attikesdiadromes.gr
NAO11	NAO	  .    ( )		-	. 	38.019350	23.837670	customercare@attikesdiadromes.gr
NAO12	NAO	  .   ( )		-	 	38.027030	23.829150	customercare@attikesdiadromes.gr
NAO13	NAO	  .   ( )		-	 	38.034270	23.821640	customercare@attikesdiadromes.gr
NAO14	NAO	     ( )		- 	. 	37.997530	23.849440	customercare@attikesdiadromes.gr
NAO15	NAO	     ( )		- 	. 	37.997100	23.851160	customercare@attikesdiadromes.gr
NAO16	NAO	  .   ( )		-	 	38.066070	23.734270	customercare@attikesdiadromes.gr
NAO17	NAO	  .   ( )		-	 	38.067410	23.731610	customercare@attikesdiadromes.gr
NAO18	NAO	  .   ( )		-	 	38.056410	23.772340	customercare@attikesdiadromes.gr
NAO19	NAO	  .   ( )		-	 	38.058590	23.768840	customercare@attikesdiadromes.gr
NAO20	NAO	  .   ( )		-	 	38.048380	23.785610	customercare@attikesdiadromes.gr
NAO21	NAO	  .   ( )		-	 	38.052370	23.781470	customercare@attikesdiadromes.gr
NAO22	NAO	  .   ( )		-	 	38.070180	23.711470	customercare@attikesdiadromes.gr
NAO23	NAO	  .   ( )		-	 	38.071380	23.708320	customercare@attikesdiadromes.gr
NAO24	NAO	    ( )		-	 	37.938510	23.886830	customercare@attikesdiadromes.gr
NAO25	NAO	  .   ( )		-	 	38.041230	23.805300	customercare@attikesdiadromes.gr
NAO26	NAO	  .   ( )		-	 	38.043660	23.799310	customercare@attikesdiadromes.gr
NAO27	NAO	  -  (   )		-	 	38.060860	23.750500	customercare@attikesdiadromes.gr
NAO28	NAO	  -  (   )		-	 	38.062850	23.748660	customercare@attikesdiadromes.gr
NAO29	NAO	  -  (   )		-	 	38.061200	23.750440	customercare@attikesdiadromes.gr
NAO30	NAO	  -  (   )		-	 	38.063150	23.748730	customercare@attikesdiadromes.gr
NAO31	NAO	    ( )		-	 	37.953410	23.885730	customercare@attikesdiadromes.gr
NAO32	NAO	    ( )		-	 	37.957310	23.886720	customercare@attikesdiadromes.gr
NAO33	NAO	  .   ( )		-	 	38.004310	23.869710	customercare@attikesdiadromes.gr
NAO34	NAO	  .   ( )		-	 	38.008050	23.869180	customercare@attikesdiadromes.gr
NAO35	NAO	    ( )		-	. 	37.993970	23.887360	customercare@attikesdiadromes.gr
NAO36	NAO	    ( )		-	. 	37.977200	23.800100	customercare@attikesdiadromes.gr
NAO37	NAO	    ( )		-	. 	37.985650	23.809990	customercare@attikesdiadromes.gr
NAO38	NAO	    ( )		-	. 	37.985590	23.812500	customercare@attikesdiadromes.gr
NAO39	NAO	    ( )		-	 	38.093890	23.590990	customercare@attikesdiadromes.gr
NAO40	NAO	    ( )		--	 	37.980030	23.869900	customercare@attikesdiadromes.gr
NAO41	NAO	    ( )		--	 	37.982290	23.870470	customercare@attikesdiadromes.gr
NO01	NO	    ( )		-	/ -	38.549350	21.272410	info@neaodos.gr
NO02	NO	    ( )		-	/ -	38.549470	21.272100	info@neaodos.gr
NO03	NO	    ( )		-	/ -	38.359290	21.656850	info@neaodos.gr
NO04	NO	    ( )		-	/ -	38.359210	21.656400	info@neaodos.gr
NO05	NO	    ( )		-	/ -	38.989820	21.171020	info@neaodos.gr
NO06	NO	    ( )		-	/ -	38.989990	21.170730	info@neaodos.gr
NO07	NO	    ( )		-	/ -	38.176500	23.853880	info@neaodos.gr
NO08	NO	    ( )		-	/ -	38.176340	23.854440	info@neaodos.gr
NO09	NO	    ( )		-	/ -	38.370820	23.286770	info@neaodos.gr
NO10	NO	    ( )		-	/ -	38.370900	23.287040	info@neaodos.gr
NO11	NO	    ( )		-	/ -	39.425390	20.905330	info@neaodos.gr
NO12	NO	    ( )		-	/ -	39.425590	20.905090	info@neaodos.gr
NO13	NO	    ( )		-	/ -	38.617500	23.143350	info@neaodos.gr
NO14	NO	    ( )		-	/ -	38.617720	23.143840	info@neaodos.gr
NO15	NO	    ( )		-	/ -	38.373410	21.624840	info@neaodos.gr
NO16	NO	    ( )		-	/ -	38.374190	21.625100	info@neaodos.gr
NO17	NO	    ( )		-	/ -	38.379530	21.495300	info@neaodos.gr
NO18	NO	    ( )		-	/ -	38.379350	21.494960	info@neaodos.gr
NO19	NO	    ( )		-	/ -	38.699410	21.214080	info@neaodos.gr
NO20	NO	    ( )		-	/ -	38.700320	21.215730	info@neaodos.gr
NO21	NO	    ( )		- 	/ -	39.160370	21.010870	info@neaodos.gr
NO22	NO	    ( )		- 	/ -	39.160640	21.012170	info@neaodos.gr
NO23	NO	    ( )		-	/ -	38.202620	23.853960	info@neaodos.gr
NO24	NO	    ( )		-	/ -	38.202750	23.854770	info@neaodos.gr
NO25	NO	    ( )		-	/ -	38.237530	23.780530	info@neaodos.gr
NO26	NO	    ( )		-	/ -	38.236330	23.786000	info@neaodos.gr
NO27	NO	    ( )		-	/ -	38.366210	23.324670	info@neaodos.gr
NO28	NO	    ( )		-	/ -	38.364030	23.322080	info@neaodos.gr
NO29	NO	    ( )		-	/ -	38.289250	23.675910	info@neaodos.gr
NO30	NO	    ( )		-	/ -	38.292190	23.674770	info@neaodos.gr
NO31	NO	    ( )		-	/ -	39.331700	20.915590	info@neaodos.gr
NO32	NO	    ( )		-	/ -	39.331990	20.914150	info@neaodos.gr
NO33	NO	    ( )		-	/ -	38.621990	23.123570	info@neaodos.gr
NO34	NO	    ( )		-	/ -	38.622530	23.123810	info@neaodos.gr
OO01	OO	    ( )		-	/ -	38.041990	23.496130	customercare@olympiaoperation.gr
OO02	OO	    ( )		-	/ -	38.042500	23.495450	customercare@olympiaoperation.gr
OO03	OO	    ( )		- 	/ -	38.316240	21.830380	customercare@olympiaoperation.gr
OO04	OO	    ( )		- 	/ -	38.316630	21.829950	customercare@olympiaoperation.gr
OO05	OO	    ( )		-	/ -	38.190480	22.165260	customercare@olympiaoperation.gr
OO06	OO	    ( )		-	/ -	38.190920	22.165600	customercare@olympiaoperation.gr
OO07	OO	    ( )		-	/ -	37.924810	23.032080	customercare@olympiaoperation.gr
OO08	OO	    ( )		-	/ -	37.925350	23.032740	customercare@olympiaoperation.gr
OO09	OO	    ( )		-	/ -	37.996920	22.735170	customercare@olympiaoperation.gr
OO10	OO	    ( )		-	/ -	37.996510	22.735650	customercare@olympiaoperation.gr
OO11	OO	     ( )		- 	/ -	38.019880	23.428430	customercare@olympiaoperation.gr
OO12	OO	     ( )		- 	/ -	38.019700	23.426830	customercare@olympiaoperation.gr
OO13	OO	    ( )		-	/ -	37.985010	23.349870	customercare@olympiaoperation.gr
OO14	OO	    ( )		-	/ -	37.985900	23.349100	customercare@olympiaoperation.gr
OO15	OO	    ( )		-	/ -	38.324960	21.858000	customercare@olympiaoperation.gr
OO16	OO	    ( )		-	/ -	38.325130	21.858150	customercare@olympiaoperation.gr
OO17	OO	    ( )		-	/ -	38.156550	22.342850	customercare@olympiaoperation.gr
OO18	OO	    ( )		-	/ -	38.157150	22.342360	customercare@olympiaoperation.gr
OO19	OO	    ( )		-	/ -	38.174750	22.239380	customercare@olympiaoperation.gr
OO20	OO	    ( )		-	/ -	38.174610	22.239610	customercare@olympiaoperation.gr
OO21	OO	     ( )		- 	/ -	37.922070	23.118960	customercare@olympiaoperation.gr
OO22	OO	     ( )		- 	/ -	37.921940	23.119670	customercare@olympiaoperation.gr
OO23	OO	    ( )		-	/ -	38.131830	22.404920	customercare@olympiaoperation.gr
OO24	OO	    ( )		-	/ -	38.131930	22.405250	customercare@olympiaoperation.gr
OO25	OO	    ( )		-	/ -	37.931430	22.788150	customercare@olympiaoperation.gr
OO26	OO	    ( )		-	/ -	37.931280	22.787860	customercare@olympiaoperation.gr
OO27	OO	    ( )		-	/ -	38.007830	22.733260	customercare@olympiaoperation.gr
OO28	OO	    ( )		-	/ -	38.007830	22.733540	customercare@olympiaoperation.gr
\.


--
-- Data for Name: users; Type: TABLE DATA; Schema: public; Owner: yassin
--

COPY public.users (userid, role, username, password, email) FROM stdin;
\.


--
-- Name: debts_debtid_seq; Type: SEQUENCE SET; Schema: public; Owner: yassin
--

SELECT pg_catalog.setval('public.debts_debtid_seq', 1, false);


--
-- Name: passes_passid_seq; Type: SEQUENCE SET; Schema: public; Owner: yassin
--

SELECT pg_catalog.setval('public.passes_passid_seq', 2005, true);


--
-- Name: users_userid_seq; Type: SEQUENCE SET; Schema: public; Owner: yassin
--

SELECT pg_catalog.setval('public.users_userid_seq', 1, false);


--
-- Name: debts debts_pkey; Type: CONSTRAINT; Schema: public; Owner: yassin
--

ALTER TABLE ONLY public.debts
    ADD CONSTRAINT debts_pkey PRIMARY KEY (debtid);


--
-- Name: operating_user operating_user_pkey; Type: CONSTRAINT; Schema: public; Owner: yassin
--

ALTER TABLE ONLY public.operating_user
    ADD CONSTRAINT operating_user_pkey PRIMARY KEY (operatorid, userid);


--
-- Name: operators operators_pkey; Type: CONSTRAINT; Schema: public; Owner: yassin
--

ALTER TABLE ONLY public.operators
    ADD CONSTRAINT operators_pkey PRIMARY KEY (operatorid);


--
-- Name: passes passes_pkey; Type: CONSTRAINT; Schema: public; Owner: yassin
--

ALTER TABLE ONLY public.passes
    ADD CONSTRAINT passes_pkey PRIMARY KEY (passid);


--
-- Name: tollstations tollstations_pkey; Type: CONSTRAINT; Schema: public; Owner: yassin
--

ALTER TABLE ONLY public.tollstations
    ADD CONSTRAINT tollstations_pkey PRIMARY KEY (tollid);


--
-- Name: users users_pkey; Type: CONSTRAINT; Schema: public; Owner: yassin
--

ALTER TABLE ONLY public.users
    ADD CONSTRAINT users_pkey PRIMARY KEY (userid);


--
-- Name: users users_username_key; Type: CONSTRAINT; Schema: public; Owner: yassin
--

ALTER TABLE ONLY public.users
    ADD CONSTRAINT users_username_key UNIQUE (username);


--
-- Name: debts debts_fromoperatorid_fkey; Type: FK CONSTRAINT; Schema: public; Owner: yassin
--

ALTER TABLE ONLY public.debts
    ADD CONSTRAINT debts_fromoperatorid_fkey FOREIGN KEY (fromoperatorid) REFERENCES public.operators(operatorid);


--
-- Name: debts debts_tooperatorid_fkey; Type: FK CONSTRAINT; Schema: public; Owner: yassin
--

ALTER TABLE ONLY public.debts
    ADD CONSTRAINT debts_tooperatorid_fkey FOREIGN KEY (tooperatorid) REFERENCES public.operators(operatorid);


--
-- Name: operating_user operating_user_operatorid_fkey; Type: FK CONSTRAINT; Schema: public; Owner: yassin
--

ALTER TABLE ONLY public.operating_user
    ADD CONSTRAINT operating_user_operatorid_fkey FOREIGN KEY (operatorid) REFERENCES public.operators(operatorid);


--
-- Name: operating_user operating_user_userid_fkey; Type: FK CONSTRAINT; Schema: public; Owner: yassin
--

ALTER TABLE ONLY public.operating_user
    ADD CONSTRAINT operating_user_userid_fkey FOREIGN KEY (userid) REFERENCES public.users(userid);


--
-- Name: passes passes_tollid_fkey; Type: FK CONSTRAINT; Schema: public; Owner: yassin
--

ALTER TABLE ONLY public.passes
    ADD CONSTRAINT passes_tollid_fkey FOREIGN KEY (tollid) REFERENCES public.tollstations(tollid);


--
-- Name: tollstations tollstations_operatorid_fkey; Type: FK CONSTRAINT; Schema: public; Owner: yassin
--

ALTER TABLE ONLY public.tollstations
    ADD CONSTRAINT tollstations_operatorid_fkey FOREIGN KEY (operatorid) REFERENCES public.operators(operatorid);


--
-- PostgreSQL database dump complete
--

