{
    "answers": {
        "phase": "requirements specification", 
        "action": "functional requirements", 
        "scope": "backend", 
        "action experience": 4, 
        "language": "other", 
        "other language": "Greek", 
        "aimodel": "chatgpt", 
        "aimodel version": "4o", 
        "open source aimodel": "False", 
        "tool option": "online free", 
        "experience with tool": 3, 
        "time allocated (h)": "0.25", 
        "time saved estimate (h)": "0.5", 
        "quality of ai help": 4, 
        "knowledge acquired": 4, 
        "generic feeling - now": 4, 
        "generic feeling - future": 5, 
        "threat level": 0, 
        "notes": "\"The AI provided some very useful information on how to encrypt our data thus ensuring our application's safety.\""
    }
}