{
    "answers": {
        "phase": "architecture",
        "action": "unit testing",
        "scope": "uml state",
        "action experience": 3,
        "language": "python",
        "other language": "lol",
        "aimodel": "chatgpt",
        "aimodel version": 3,
        "open source aimodel": 2,
        "tool option": "online free",
        "experience with tool": 4,
        "time allocated (h)": 2,
        "time saved estimate (h)": 2,
        "quality of ai help": 2,
        "knowledge acquired": 4,
        "generic feeling - now": 4,
        "generic feeling - future": 3,
        "threat level": 4,
        "notes": "not useful"
    }
}