{"answers": {"phase": "requirements specification", "action": "non-functional requirements", "scope": "data management", "action experience": 3, "language": "n/a", "other language": "no lang", "aimodel": "gemini", "aimodel version": "standard", "open source aimodel": "3.0", "tool option": "online free", "experience with tool": 2, "time allocated (h)": 1, "time saved estimate (h)": 2, "quality of ai help": 3, "knowledge acquired": 2, "generic feeling - now": 3, "generic feeling - future": 3, "threat level": 2, "notes": "could have been better."}}