{
    "answers": {
        "phase": "requirements specification", 
        "action": "data design", 
        "scope": "uml other", 
        "action experience": 4, 
        "language": "other", 
        "other language": "Greek", 
        "aimodel": "chatgpt", 
        "aimodel version": "4o", 
        "open source aimodel": "False", 
        "tool option": "online free", 
        "experience with tool": 3, 
        "time allocated (h)": "0.5", 
        "time saved estimate (h)": "1", 
        "quality of ai help": 4, 
        "knowledge acquired": 4, 
        "generic feeling - now": 4, 
        "generic feeling - future": 5, 
        "threat level": 0, 
        "notes": "\"The Entity-Relationship-Diagram provided wasn't ready to be deployed but with a few adjustsments it prooved too be useful.\""
    }
}