{
    "answers": {
        "phase": "requirements specification",
        "action": "source code authoring",
        "scope": "api",
        "action experience": 3,
        "language": "python",
        "other language": "python",
        "aimodel": "chatgpt",
        "aimodel version": 3,
        "open source aimodel": 3,
        "tool option": "online free",
        "experience with tool": 3,
        "time allocated (h)": 2,
        "time saved estimate (h)": 2,
        "quality of ai help": 3,
        "knowledge acquired": 3,
        "generic feeling - now": 2,
        "generic feeling - future": 4,
        "threat level": 3,
        "notes": "lololojihfjh"
    }
}