{"answers": {"phase": "coding", "action": "dev-ops", "scope": "messaging deployment", "action experience": 2, "language": "sql", "other language": "<fill in>", "aimodel": "chatgpt", "aimodel version": "<fill in>", "open source aimodel": "<fill in>", "tool option": "online full", "experience with tool": 3, "time allocated (h)": 3, "time saved estimate (h)": 3, "quality of ai help": 0, "knowledge acquired": 3, "generic feeling - now": 3, "generic feeling - future": 3, "threat level": 4, "notes": "<fill in>"}}