{
    "answers": {
        "phase": "architecture",
        "action": "architectural decision",
        "scope": "frontend",
        "action experience": 2,
        "language": "n/a",
        "other language": "<fill in>",
        "aimodel": "chatgpt",
        "aimodel version": 4,
        "open source aimodel": "<fill in>",
        "tool option": "online free",
        "experience with tool": 4,
        "time allocated (h)": "0.1",
        "time saved estimate (h)": "0.5",
        "quality of ai help": 5,
        "knowledge acquired": 0,
        "generic feeling - now": 5,
        "generic feeling - future": 5,
        "threat level": 0,
        "notes": "<fill in>"
    }
}