{
    "answers": {
        "phase": "design",
        "action": "source code authoring",
        "scope": "frontend",
        "action experience": 4,
        "language": "nosql",
        "other language": "python",
        "aimodel": "copilot",
        "aimodel version": "3.0",
        "open source aimodel": "7.2",
        "tool option": "open source",
        "experience with tool": 4,
        "time allocated (h)": 2,
        "time saved estimate (h)": 2,
        "quality of ai help": 4,
        "knowledge acquired": 5,
        "generic feeling - now": 5,
        "generic feeling - future": 3,
        "threat level": 2,
        "notes": "not bad"
    }
}