{"answers": {"phase": "coding", "action": "architectural decision", "scope": "uml state", "action experience": 4, "language": "js-node", "other language": "<fill in>", "aimodel": "chatgpt", "aimodel version": 3, "open source aimodel": "<fill in>", "tool option": "online full", "experience with tool": 3, "time allocated (h)": 3, "time saved estimate (h)": 2, "quality of ai help": 3, "knowledge acquired": 2, "generic feeling - now": 3, "generic feeling - future": 5, "threat level": 3, "notes": "hh"}}