{"answers": {"phase": "requirements gathering", "action": "functional requirements", "scope": "uml activity", "action experience": 3, "language": "n/a", "other language": "<fill in", "aimodel": "chatgpt", "aimodel version": "4o", "open source aimodel": "4o", "tool option": "online free", "experience with tool": 4, "time allocated (h)": 2, "time saved estimate (h)": 5, "quality of ai help": 4, "knowledge acquired": 4, "generic feeling - now": 4, "generic feeling - future": 4, "threat level": 2, "notes": "helped brainstorm, clarify requirements and give tons of ideas"}}